image,selector,keep_ratio,semantic_utility_score,detector_retention,object_retention,relevance_retention,region_preservation,psnr,ssim,lpips,compression_ratio,bandwidth_saved_percent,original_size_kb,compressed_size_kb,full_payload_kb,semantic_token_count,total_token_count,token_entropy_bits,semantic_fidelity_percent,inference_latency_ms
07849dcf5b7480d15db8890f015522011ce38868_satellite.tif,fixed_mission_utility,0.8,94.51887369155885,0.9145998954772949,1.0,0.907974362373352,0.9775390625,19.00297468833394,0.8859152537579271,,548.5350724637681,99.81769625130651,2772.1376953125,5.0537109375,5.244140625,3277,4096,6.395305768266299,88.55013886440028,330.24290000321344
07849dcf5b7480d15db8890f015522011ce38868_satellite.tif,mask_supervised_cems_hls,0.8,86.59577846527102,0.8063622713088989,1.0,0.803490161895752,0.8271484375,15.161855235712427,0.7588586408422151,,536.9148855683752,99.81375074022367,2772.1376953125,5.1630859375,5.244140625,3277,4096,6.295468626245604,84.05420035330967,275.69539999967674
07849dcf5b7480d15db8890f015522011ce38868_satellite.tif,hybrid_fixed_0p95_mask_supervised_cems_hls_0p05,0.8,94.52033758163454,0.914680004119873,1.0,0.90788733959198,0.9775390625,19.019224116476828,0.8859150950311655,,549.1717933836331,99.81790761797166,2772.1376953125,5.0478515625,5.244140625,3277,4096,6.395267104354296,88.56451944382366,257.7797999983886
07849dcf5b7480d15db8890f015522011ce38868_satellite.tif,hybrid_fixed_0p50_mask_supervised_cems_hls_0p50,0.8,95.35200715065004,0.9244831800460815,1.0,0.9186339974403381,1.0,18.88257378958776,0.8838519217027218,,545.7929244376081,99.81678032909085,2772.1376953125,5.0791015625,5.244140625,3277,4096,6.413104122956504,88.36911538940991,260.088299997733
0868a5a61f73aa0214d4f02f140c09ab7af18801_satellite.tif,fixed_mission_utility,0.8,97.18750000000001,1.0,0.90625,1.0,1.0,19.221474702803235,0.8926888848935691,,555.5310383747178,99.81999205608284,2883.9873046875,5.19140625,5.5361328125,3277,4096,6.074823738115181,91.75494356050821,266.72370000596857
0868a5a61f73aa0214d4f02f140c09ab7af18801_satellite.tif,mask_supervised_cems_hls,0.8,100.0,1.0,1.0,1.0,1.0,18.12864248479437,0.8379590976014694,,542.2701065001836,99.81559005594943,2883.9873046875,5.318359375,5.5361328125,3277,4096,6.049057108333653,87.13394432694471,205.5661999984295
0868a5a61f73aa0214d4f02f140c09ab7af18801_satellite.tif,hybrid_fixed_0p95_mask_supervised_cems_hls_0p05,0.8,98.12500000000001,1.0,0.9375,1.0,1.0,19.240229078449556,0.8929342407918864,,555.3221135765325,99.81992433300387,2883.9873046875,5.193359375,5.5361328125,3277,4096,6.077731799528168,91.7607568963231,255.9079999991809
0868a5a61f73aa0214d4f02f140c09ab7af18801_satellite.tif,hybrid_fixed_0p50_mask_supervised_cems_hls_0p50,0.8,100.0,1.0,1.0,1.0,1.0,19.247332897467018,0.8923529670867497,,553.656355455568,99.81938254837206,2883.9873046875,5.208984375,5.5361328125,3277,4096,6.074084483317354,91.671540217412,259.434899999178
1c805ec597141c129c019dae64aed9188913de87_satellite.tif,fixed_mission_utility,0.8,100.0,1.0,1.0,1.0,1.0,17.987047169950216,0.8028290715129778,,517.4077687443541,99.80672883933947,2796.73046875,5.4052734375,5.669921875,3277,4096,6.232765830289608,86.65949561297167,258.3586999971885
1c805ec597141c129c019dae64aed9188913de87_satellite.tif,mask_supervised_cems_hls,0.8,100.0,1.0,1.0,1.0,1.0,17.79844067423844,0.771855473476344,,515.3593665646932,99.80596064321759,2796.73046875,5.4267578125,5.669921875,3277,4096,6.17141033368482,81.04751619524527,211.35340000182623
1c805ec597141c129c019dae64aed9188913de87_satellite.tif,hybrid_fixed_0p95_mask_supervised_cems_hls_0p05,0.8,100.0,1.0,1.0,1.0,1.0,17.986753044715936,0.8028441736741874,,517.4077687443541,99.80672883933947,2796.73046875,5.4052734375,5.669921875,3277,4096,6.232010705835319,86.66219244503955,255.84199999866541
1c805ec597141c129c019dae64aed9188913de87_satellite.tif,hybrid_fixed_0p50_mask_supervised_cems_hls_0p50,0.8,100.0,1.0,1.0,1.0,1.0,17.941744717056906,0.8016285125062391,,519.7553539019964,99.80760178947796,2796.73046875,5.380859375,5.669921875,3277,4096,6.2221307085812825,86.60794832639151,261.11699999455595
39103442c5a4cfae25717678bc185c94c0ae955d_satellite.tif,fixed_mission_utility,0.8,100.0,1.0,1.0,1.0,1.0,19.23631003076335,0.8663860468410397,,542.3292342090554,99.81561016133338,2842.4619140625,5.2412109375,5.5888671875,3277,4096,6.183317817322331,89.6036240358563,260.372600001574
39103442c5a4cfae25717678bc185c94c0ae955d_satellite.tif,mask_supervised_cems_hls,0.8,100.0,1.0,1.0,1.0,1.0,19.026045341022673,0.8326234026631733,,531.3400876232201,99.8117966207908,2842.4619140625,5.349609375,5.5888671875,3277,4096,6.158229602763303,84.47307882027678,208.16190000186907
39103442c5a4cfae25717678bc185c94c0ae955d_satellite.tif,hybrid_fixed_0p95_mask_supervised_cems_hls_0p05,0.8,100.0,1.0,1.0,1.0,1.0,19.24856596650827,0.8662525206111257,,542.6325503355705,99.81571322999669,2842.4619140625,5.23828125,5.5888671875,3277,4096,6.183636665503755,89.59488187686931,252.63879999693017
39103442c5a4cfae25717678bc185c94c0ae955d_satellite.tif,hybrid_fixed_0p50_mask_supervised_cems_hls_0p50,0.8,100.0,1.0,1.0,1.0,1.0,19.32601329076619,0.8664921607890705,,542.4303019008572,99.81564451755447,2842.4619140625,5.240234375,5.5888671875,3277,4096,6.185028170346108,89.52344399221276,255.44390000140993
4c647e695e17c6f740c9f90a1d69141674732878_satellite.tif,fixed_mission_utility,0.8,99.80842911877397,1.0,1.0,1.0,0.9808429118773946,24.080830211613865,0.9764182189001068,,581.201099952176,99.82794251420339,2373.6162109375,4.083984375,3.869140625,3277,4096,5.020437729631605,99.41669242757229,219.75599999859696
4c647e695e17c6f740c9f90a1d69141674732878_satellite.tif,mask_supervised_cems_hls,0.8,97.56692826215031,0.9694325923919678,1.0,0.9554454684257507,0.9680715197956578,23.72414682665006,0.9738717977128427,,574.3343572778828,99.82588539457406,2373.6162109375,4.1328125,3.869140625,3277,4096,4.799153415173988,94.74453552973021,171.38990000239573
4c647e695e17c6f740c9f90a1d69141674732878_satellite.tif,hybrid_fixed_0p95_mask_supervised_cems_hls_0p05,0.8,99.80842911877397,1.0,1.0,1.0,0.9808429118773946,24.081043957717032,0.9764206980145395,,579.6763653708562,99.82748994788493,2373.6162109375,4.0947265625,3.869140625,3277,4096,5.021480581255035,99.39958064137578,228.10979999485426
4c647e695e17c6f740c9f90a1d69141674732878_satellite.tif,hybrid_fixed_0p50_mask_supervised_cems_hls_0p50,0.8,99.79565772669223,1.0,1.0,1.0,0.979565772669221,24.06693034244453,0.9763636119532452,,573.3859400802075,99.82559739782594,2373.6162109375,4.1396484375,3.869140625,3277,4096,5.009612008731189,99.28577984311494,247.24520000017947
50cff3617ff6999f46dec03ed979fca485e143c4_satellite.tif,fixed_mission_utility,0.8,100.0,1.0,1.0,1.0,1.0,18.040658438724844,0.8196668261570689,,516.6387251289609,99.80644114516379,2738.5888671875,5.30078125,5.455078125,3277,4096,6.086875865222117,87.55012084467786,261.44420000491664
50cff3617ff6999f46dec03ed979fca485e143c4_satellite.tif,mask_supervised_cems_hls,0.8,100.0,1.0,1.0,1.0,1.0,17.516835576302466,0.7836730570329365,,518.5493713017752,99.80715433180653,2738.5888671875,5.28125,5.455078125,3277,4096,5.97883386391972,83.10505251151655,215.61189999920316
50cff3617ff6999f46dec03ed979fca485e143c4_satellite.tif,hybrid_fixed_0p95_mask_supervised_cems_hls_0p05,0.8,100.0,1.0,1.0,1.0,1.0,18.04057755225365,0.8196917547263972,,517.4012915129151,99.80672641982088,2738.5888671875,5.29296875,5.455078125,3277,4096,6.085967698146303,87.54052525416395,265.06890000018757
50cff3617ff6999f46dec03ed979fca485e143c4_satellite.tif,hybrid_fixed_0p50_mask_supervised_cems_hls_0p50,0.8,100.0,1.0,1.0,1.0,1.0,18.149958112813696,0.8206522322676822,,517.974695234577,99.8069403758137,2738.5888671875,5.287109375,5.455078125,3277,4096,6.08529215862279,87.52798853793618,264.00460000149906
7fbe6c7c816b044fd2d9379571ff1c09d4f018d6_satellite.tif,fixed_mission_utility,0.8,100.0,1.0,1.0,1.0,1.0,17.723307772609413,0.8222957359620855,,510.47321107515285,99.80410333425847,2772.70703125,5.431640625,5.666015625,3277,4096,6.285654249267314,89.5386972872719,316.7161000019405
7fbe6c7c816b044fd2d9379571ff1c09d4f018d6_satellite.tif,mask_supervised_cems_hls,0.8,100.0,1.0,1.0,1.0,1.0,17.186605060725768,0.7843459376493245,,506.64739471805854,99.80262407141036,2772.70703125,5.47265625,5.666015625,3277,4096,6.216282235057067,84.76597490237326,267.07129999704193
7fbe6c7c816b044fd2d9379571ff1c09d4f018d6_satellite.tif,hybrid_fixed_0p95_mask_supervised_cems_hls_0p05,0.8,100.0,1.0,1.0,1.0,1.0,17.71084409274811,0.8221090620181866,,510.1063600431189,99.80396245208244,2772.70703125,5.435546875,5.666015625,3277,4096,6.283643466396718,89.52960652571545,309.73829999857116
7fbe6c7c816b044fd2d9379571ff1c09d4f018d6_satellite.tif,hybrid_fixed_0p50_mask_supervised_cems_hls_0p50,0.8,100.0,1.0,1.0,1.0,1.0,17.741095552130883,0.8198234938654098,,512.0382326420198,99.8047020835065,2772.70703125,5.4150390625,5.666015625,3277,4096,6.28523616610158,89.38608728213013,313.6330999986967
b34cc1134cfea8377982c9523792873ed5644de9_satellite.tif,fixed_mission_utility,0.8,100.0,1.0,1.0,1.0,1.0,21.664477370647262,0.9638811695068357,,599.0061044539905,99.83305679315045,2587.30859375,4.3193359375,3.9951171875,3277,4096,5.362821116948435,99.24829015458577,219.80189999885624
b34cc1134cfea8377982c9523792873ed5644de9_satellite.tif,mask_supervised_cems_hls,0.8,100.0,1.0,1.0,1.0,1.0,21.58390708717334,0.9634540336465598,,603.5088838268792,99.83430235630352,2587.30859375,4.287109375,3.9951171875,3277,4096,5.258011367038952,98.93122447468431,176.0770000037155
b34cc1134cfea8377982c9523792873ed5644de9_satellite.tif,hybrid_fixed_0p95_mask_supervised_cems_hls_0p05,0.8,100.0,1.0,1.0,1.0,1.0,21.662034523054064,0.9638717483791471,,598.7353672316384,99.83298130447452,2587.30859375,4.3212890625,3.9951171875,3277,4096,5.35806170037021,99.24898938620194,227.0898999995552
b34cc1134cfea8377982c9523792873ed5644de9_satellite.tif,hybrid_fixed_0p50_mask_supervised_cems_hls_0p50,0.8,100.0,1.0,1.0,1.0,1.0,21.638191470295325,0.9637820628923703,,597.2506762849414,99.83256611675682,2587.30859375,4.33203125,3.9951171875,3277,4096,5.335000534456295,99.23245883363505,234.20849999820348
b6098a95902ff86886b15b451625a79805bb2035_satellite.tif,fixed_mission_utility,0.8,100.0,1.0,1.0,1.0,1.0,16.757455034908336,0.7912530206986237,,512.7639262045495,99.80497848056474,2795.6650390625,5.4521484375,5.7431640625,3277,4096,6.297844545218505,88.70432860217143,256.87160000234144
b6098a95902ff86886b15b451625a79805bb2035_satellite.tif,mask_supervised_cems_hls,0.8,100.0,1.0,1.0,1.0,1.0,16.838123073847626,0.7685232076031114,,511.2986247544204,99.80441957955973,2795.6650390625,5.4677734375,5.7431640625,3277,4096,6.257549141006484,85.62429757766506,214.9963999981992
b6098a95902ff86886b15b451625a79805bb2035_satellite.tif,hybrid_fixed_0p95_mask_supervised_cems_hls_0p05,0.8,100.0,1.0,1.0,1.0,1.0,16.75417852548116,0.7911058084318296,,512.3051181102362,99.80480382400067,2795.6650390625,5.45703125,5.7431640625,3277,4096,6.297282033498974,88.70337532732634,266.49539999925764
b6098a95902ff86886b15b451625a79805bb2035_satellite.tif,hybrid_fixed_0p50_mask_supervised_cems_hls_0p50,0.8,100.0,1.0,1.0,1.0,1.0,16.921386404019742,0.7892429321507479,,513.7762024407753,99.8053627250057,2795.6650390625,5.44140625,5.7431640625,3277,4096,6.304686795016439,88.51676648042735,276.7308000038611
c261cf7fe6f97c9efb540270444e381dad917b01_satellite.tif,fixed_mission_utility,0.8,100.0,1.0,1.0,1.0,1.0,14.860480732780871,0.6453230103121255,,532.0297910990009,99.812040600596,2860.1796875,5.3759765625,5.7431640625,3277,4096,6.207079424453578,87.01019040920782,276.6621999980998
c261cf7fe6f97c9efb540270444e381dad917b01_satellite.tif,mask_supervised_cems_hls,0.8,93.31467390060426,0.948932409286499,1.0,0.9187477827072144,0.6982421875,15.161551489551417,0.5662948028680723,,525.349596412556,99.80965056281975,2860.1796875,5.4443359375,5.7431640625,3277,4096,6.199086202228143,79.5270212689498,212.13250000437256
c261cf7fe6f97c9efb540270444e381dad917b01_satellite.tif,hybrid_fixed_0p95_mask_supervised_cems_hls_0p05,0.8,100.0,1.0,1.0,1.0,1.0,14.855078330579854,0.6454213251953298,,532.2231510085408,99.81210888738961,2860.1796875,5.3740234375,5.7431640625,3277,4096,6.206255006926791,87.01083725634142,261.7016000003787
c261cf7fe6f97c9efb540270444e381dad917b01_satellite.tif,hybrid_fixed_0p50_mask_supervised_cems_hls_0p50,0.8,100.0,1.0,1.0,1.0,1.0,14.791323674982024,0.6453509411789807,,533.1920626251593,99.81245032135764,2860.1796875,5.3642578125,5.7431640625,3277,4096,6.199850450501058,86.892556637627,262.9233000043314
eec53094f80aa70a06af49b46e1f0e3d3676b4f9_satellite.tif,fixed_mission_utility,0.8,100.0,1.0,1.0,1.0,1.0,18.404177918018945,0.8480252585326415,,518.9181507465371,99.8072913813939,2817.056640625,5.4287109375,5.7294921875,3277,4096,6.259477701373399,89.5717417072589,258.41719999880297
eec53094f80aa70a06af49b46e1f0e3d3676b4f9_satellite.tif,mask_supervised_cems_hls,0.8,100.0,1.0,1.0,1.0,1.0,17.977505390205735,0.8111139730588155,,515.8558655221746,99.80614740146693,2817.056640625,5.4609375,5.7294921875,3277,4096,6.2275385238847925,84.29096338838416,227.0254000031855
eec53094f80aa70a06af49b46e1f0e3d3676b4f9_satellite.tif,hybrid_fixed_0p95_mask_supervised_cems_hls_0p05,0.8,100.0,1.0,1.0,1.0,1.0,18.413857226132254,0.8478676436931214,,518.4518332135154,99.80711805110192,2817.056640625,5.43359375,5.7294921875,3277,4096,6.26199335705718,89.55172902299486,268.71090000349795
eec53094f80aa70a06af49b46e1f0e3d3676b4f9_satellite.tif,hybrid_fixed_0p50_mask_supervised_cems_hls_0p50,0.8,100.0,1.0,1.0,1.0,1.0,18.45172903024102,0.8470422720482638,,521.8281476121563,99.80836602920408,2817.056640625,5.3984375,5.7294921875,3277,4096,6.262813470748648,89.44322536565888,260.1044999973965
fb210a0ad9e971efeafbedac7dd6e9418fe81ce9_satellite.tif,fixed_mission_utility,0.8,100.0,1.0,1.0,1.0,1.0,19.96128236011947,0.8662209988622666,,519.5756070640176,99.80753522944413,2758.2158203125,5.30859375,5.6484375,3277,4096,6.155404632351332,90.48280574558373,273.5967000044184
fb210a0ad9e971efeafbedac7dd6e9418fe81ce9_satellite.tif,mask_supervised_cems_hls,0.8,100.0,1.0,1.0,1.0,1.0,19.4363427011882,0.8227030445562542,,510.5591106290672,99.80413629309878,2758.2158203125,5.40234375,5.6484375,3277,4096,6.175244650631381,85.74903290670521,216.79880000010598
fb210a0ad9e971efeafbedac7dd6e9418fe81ce9_satellite.tif,hybrid_fixed_0p95_mask_supervised_cems_hls_0p05,0.8,100.0,1.0,1.0,1.0,1.0,20.00224385757886,0.8661548568523258,,519.9582106038291,99.80767685179185,2758.2158203125,5.3046875,5.6484375,3277,4096,6.157630810136891,90.47532144536203,260.57849999779137
fb210a0ad9e971efeafbedac7dd6e9418fe81ce9_satellite.tif,hybrid_fixed_0p50_mask_supervised_cems_hls_0p50,0.8,100.0,1.0,1.0,1.0,1.0,20.14431104423508,0.8656436280456936,,517.5761407366685,99.8067917121186,2758.2158203125,5.3291015625,5.6484375,3277,4096,6.171570056121224,90.26330809582966,256.10609999421285
095d80ddb2acff0181afca61b0ed86e2ab61b321_satellite.tif,fixed_mission_utility,0.8,100.0,1.0,1.0,1.0,1.0,18.963290784648297,0.8465248998568866,,507.7843313015418,99.8030659990164,2766.0361328125,5.447265625,5.7548828125,3277,4096,6.329069106507708,86.27243200960287,269.8772000003373
095d80ddb2acff0181afca61b0ed86e2ab61b321_satellite.tif,mask_supervised_cems_hls,0.8,100.0,1.0,1.0,1.0,1.0,18.11005632986215,0.8118502451995271,,504.70794725588024,99.80186561249192,2766.0361328125,5.48046875,5.7548828125,3277,4096,6.298472952724218,81.7378892651794,217.24600000015926
095d80ddb2acff0181afca61b0ed86e2ab61b321_satellite.tif,hybrid_fixed_0p95_mask_supervised_cems_hls_0p05,0.8,100.0,1.0,1.0,1.0,1.0,18.961778447531355,0.8464150327690289,,507.6933142140168,99.80303069353037,2766.0361328125,5.4482421875,5.7548828125,3277,4096,6.3297475973509965,86.27723197444406,261.0876000035205
095d80ddb2acff0181afca61b0ed86e2ab61b321_satellite.tif,hybrid_fixed_0p50_mask_supervised_cems_hls_0p50,0.8,100.0,1.0,1.0,1.0,1.0,18.642308858041133,0.845460306373957,,509.4282374100719,99.80370149776464,2766.0361328125,5.4296875,5.7548828125,3277,4096,6.320415122387683,86.13005965091857,258.88210000266554
096bf1efc0cdfda28e28d2b7cbe16a29690252a6_satellite.tif,fixed_mission_utility,0.8,93.25000000000001,1.0,0.775,1.0,1.0,18.924108283370977,0.8496660524980058,,544.0397843465328,99.81618991316947,2857.802734375,5.2529296875,5.5712890625,3277,4096,6.21233518403719,92.02906961177914,261.87239999853773
096bf1efc0cdfda28e28d2b7cbe16a29690252a6_satellite.tif,mask_supervised_cems_hls,0.8,90.74073028564456,0.9620095491409302,0.775,0.9519822597503662,0.9970703125,16.881192016593765,0.7699020089587569,,536.0670452463821,99.81345616954678,2857.802734375,5.3310546875,5.5712890625,3277,4096,6.159963674220835,87.33699698370407,216.20130000519566
096bf1efc0cdfda28e28d2b7cbe16a29690252a6_satellite.tif,hybrid_fixed_0p95_mask_supervised_cems_hls_0p05,0.8,93.25000000000001,1.0,0.775,1.0,1.0,18.916198620235964,0.8494536158423226,,544.4446511627907,99.8163266003506,2857.802734375,5.2490234375,5.5712890625,3277,4096,6.21095218362776,92.0341167375981,275.0246000068728
096bf1efc0cdfda28e28d2b7cbe16a29690252a6_satellite.tif,hybrid_fixed_0p50_mask_supervised_cems_hls_0p50,0.8,92.50000000000001,1.0,0.75,1.0,1.0,18.84934321791334,0.8479366658895148,,543.9386617100372,99.81615574137417,2857.802734375,5.25390625,5.5712890625,3277,4096,6.211862124545736,91.9217249046725,273.4735999983968
140ba0aca27436e983a5bc4a94ef07490dca8e2e_satellite.tif,fixed_mission_utility,0.8,100.0,1.0,1.0,1.0,1.0,17.57133107927501,0.8387212540935773,,534.5888257575757,99.81294034745622,2756.4736328125,5.15625,5.509765625,3277,4096,6.011685009928183,89.31189797220938,270.870799999102
140ba0aca27436e983a5bc4a94ef07490dca8e2e_satellite.tif,mask_supervised_cems_hls,0.8,100.0,1.0,1.0,1.0,1.0,18.903948751238456,0.8184375776211541,,523.7760252365931,99.80907869932607,2756.4736328125,5.2626953125,5.509765625,3277,4096,6.020314719447014,84.0720881617548,226.9118999975035
140ba0aca27436e983a5bc4a94ef07490dca8e2e_satellite.tif,hybrid_fixed_0p95_mask_supervised_cems_hls_0p05,0.8,100.0,1.0,1.0,1.0,1.0,17.576564332940485,0.838830207776979,,535.400037936267,99.8132237711722,2756.4736328125,5.1484375,5.509765625,3277,4096,6.010436261993146,89.30241777288511,293.0759000009857
140ba0aca27436e983a5bc4a94ef07490dca8e2e_satellite.tif,hybrid_fixed_0p50_mask_supervised_cems_hls_0p50,0.8,100.0,1.0,1.0,1.0,1.0,17.35976354254442,0.8402940557982749,,534.69009282061,99.81297577542072,2756.4736328125,5.1552734375,5.509765625,3277,4096,6.009739698569788,89.12614696358409,290.6211000008625
19748ba8bfd34229bae86d9f4a20026af471c8a0_satellite.tif,fixed_mission_utility,0.8,81.88749670982362,0.7424012422561646,1.0,0.7467793822288513,0.7255859375,17.011663608102545,0.8179042900638233,,529.2209030401151,99.81104298899467,2872.9873046875,5.4287109375,5.8095703125,3277,4096,6.485667874448417,88.77734923023812,274.68560000124853
19748ba8bfd34229bae86d9f4a20026af471c8a0_satellite.tif,mask_supervised_cems_hls,0.8,74.68976378440858,0.6452149152755737,1.0,0.651577889919281,0.5849609375,15.409327609100504,0.7448322346909656,,520.144801980198,99.80774584381254,2872.9873046875,5.5234375,5.8095703125,3277,4096,6.442167064003711,84.02790923552446,236.74929999833694
19748ba8bfd34229bae86d9f4a20026af471c8a0_satellite.tif,hybrid_fixed_0p95_mask_supervised_cems_hls_0p05,0.8,81.8535673618317,0.7419949173927307,1.0,0.7463838458061218,0.724609375,17.01753852667164,0.8180753172093149,,529.316120906801,99.81107698018212,2872.9873046875,5.427734375,5.8095703125,3277,4096,6.485378922431951,88.77080353021992,284.3399999983376
19748ba8bfd34229bae86d9f4a20026af471c8a0_satellite.tif,hybrid_fixed_0p50_mask_supervised_cems_hls_0p50,0.8,81.91850900650026,0.744921088218689,1.0,0.7491496801376343,0.7138671875,17.12424818561956,0.8208775180196685,,533.2497734275875,99.81247061886735,2872.9873046875,5.3876953125,5.8095703125,3277,4096,6.486145369042849,88.70393216097602,289.8306000060984
1ce1c690b8d2be41c6a5e39f6522198bde10a853_satellite.tif,fixed_mission_utility,0.8,100.0,1.0,1.0,1.0,1.0,18.69311840957351,0.8457510371382025,,538.4075829383886,99.81426710327102,2773.53515625,5.1513671875,5.5244140625,3277,4096,6.06786882564014,90.30866502793462,303.97850000008475
1ce1c690b8d2be41c6a5e39f6522198bde10a853_satellite.tif,mask_supervised_cems_hls,0.8,97.2727272727273,1.0,0.9090909090909091,1.0,1.0,20.02034673335102,0.8335071641761974,,525.5551443375277,99.80972500968277,2773.53515625,5.27734375,5.5244140625,3277,4096,6.101489247206721,86.00601487740785,256.01450000249315
1ce1c690b8d2be41c6a5e39f6522198bde10a853_satellite.tif,hybrid_fixed_0p95_mask_supervised_cems_hls_0p05,0.8,100.0,1.0,1.0,1.0,1.0,18.695582256666473,0.845618422157629,,537.6940552820901,99.8140206330763,2773.53515625,5.158203125,5.5244140625,3277,4096,6.069216284258204,90.29315095471935,309.91670000366867
1ce1c690b8d2be41c6a5e39f6522198bde10a853_satellite.tif,hybrid_fixed_0p50_mask_supervised_cems_hls_0p50,0.8,97.2727272727273,1.0,0.9090909090909091,1.0,1.0,19.22617195538767,0.8468561603340448,,536.0702151755379,99.81345727263124,2773.53515625,5.173828125,5.5244140625,3277,4096,6.082315310831494,90.17985796416961,316.54420000268146
1cffad58c04e60c03d62dd2342b446311defd4f4_satellite.tif,fixed_mission_utility,0.8,100.0,1.0,1.0,1.0,1.0,18.298280419747996,0.8188352671113099,,501.25548617305975,99.8005009366312,2743.6884765625,5.4736328125,5.6708984375,3277,4096,6.259141908162538,89.39884939849846,264.3383999966318
1cffad58c04e60c03d62dd2342b446311defd4f4_satellite.tif,mask_supervised_cems_hls,0.8,98.18181818181819,1.0,0.9393939393939394,1.0,1.0,18.095840311385615,0.8060054934603365,,502.5106421033804,99.80099923937645,2743.6884765625,5.4599609375,5.6708984375,3277,4096,6.1901225894202625,86.30179242115237,214.67499999562278
1cffad58c04e60c03d62dd2342b446311defd4f4_satellite.tif,hybrid_fixed_0p95_mask_supervised_cems_hls_0p05,0.8,100.0,1.0,1.0,1.0,1.0,18.296851329456988,0.8187984315297264,,501.43441013742637,99.80057212273766,2743.6884765625,5.4716796875,5.6708984375,3277,4096,6.2582995552749905,89.40270441069225,263.23129999946104
1cffad58c04e60c03d62dd2342b446311defd4f4_satellite.tif,hybrid_fixed_0p50_mask_supervised_cems_hls_0p50,0.8,100.0,1.0,1.0,1.0,1.0,18.356415933508675,0.8183526261239545,,502.96043680630146,99.80117720464261,2743.6884765625,5.455078125,5.6708984375,3277,4096,6.248521730307057,89.26993247347951,275.80509999825153
2b73b928cff178cabc814ce1c5f093c3a2f4c310_satellite.tif,fixed_mission_utility,0.8,100.0,1.0,1.0,1.0,1.0,19.009772994576398,0.8222909294695705,,529.8988661302121,99.8112847443319,2829.5771484375,5.33984375,5.521484375,3277,4096,6.221773618849717,86.91718397824143,282.45950000564335
2b73b928cff178cabc814ce1c5f093c3a2f4c310_satellite.tif,mask_supervised_cems_hls,0.8,87.14797900027078,0.9687803983688354,0.75,0.9164824485778809,0.7567114093959731,18.448148888822576,0.7969199750754478,,533.9021558872305,99.81269976362275,2829.5771484375,5.2998046875,5.521484375,3277,4096,6.116512373991976,81.99562436254203,235.90970000077505
2b73b928cff178cabc814ce1c5f093c3a2f4c310_satellite.tif,hybrid_fixed_0p95_mask_supervised_cems_hls_0p05,0.8,100.0,1.0,1.0,1.0,1.0,19.012936551257805,0.8223852542745829,,530.3838550247117,99.81145730766005,2829.5771484375,5.3349609375,5.521484375,3277,4096,6.22212592799867,86.91931828197993,286.390900000697
2b73b928cff178cabc814ce1c5f093c3a2f4c310_satellite.tif,hybrid_fixed_0p50_mask_supervised_cems_hls_0p50,0.8,100.0,1.0,1.0,1.0,1.0,19.01941032175032,0.8219540360417344,,532.2349375459221,99.81211304830704,2829.5771484375,5.31640625,5.521484375,3277,4096,6.22072564610572,86.94623947013864,296.64880000200355
30700008e01f4bc269fdbb85b8ba6f29cecfde5d_satellite.tif,fixed_mission_utility,0.8,100.0,1.0,1.0,1.0,1.0,19.862799213970572,0.8870289505828204,,514.5290570175439,99.80564751662492,2749.5146484375,5.34375,5.6318359375,3277,4096,6.18972936216436,90.32869907173126,284.791199999745
30700008e01f4bc269fdbb85b8ba6f29cecfde5d_satellite.tif,mask_supervised_cems_hls,0.8,100.0,1.0,1.0,1.0,1.0,19.191753070891725,0.8501988238321757,,509.0404990056048,99.80355197632537,2749.5146484375,5.4013671875,5.6318359375,3277,4096,6.161072261056673,86.99271539419286,227.47640000307
30700008e01f4bc269fdbb85b8ba6f29cecfde5d_satellite.tif,hybrid_fixed_0p95_mask_supervised_cems_hls_0p05,0.8,100.0,1.0,1.0,1.0,1.0,19.95658099834379,0.8871349756101026,,514.3410668615272,99.80557648136053,2749.5146484375,5.345703125,5.6318359375,3277,4096,6.188633109762797,90.29093532995853,280.661600001622
30700008e01f4bc269fdbb85b8ba6f29cecfde5d_satellite.tif,hybrid_fixed_0p50_mask_supervised_cems_hls_0p50,0.8,100.0,1.0,1.0,1.0,1.0,19.98871433478532,0.885797865877705,,513.7779197080292,99.80536337556735,2749.5146484375,5.3515625,5.6318359375,3277,4096,6.198301098802546,90.13500504382392,276.8383000002359
32c5c5603d35bfcd62932c925aaf58426c1a88b7_satellite.tif,fixed_mission_utility,0.8,99.24178838729858,0.9925980567932129,1.0,0.9768933057785034,1.0,18.79454384848357,0.8766463707640867,,527.3159584513692,99.81036037617052,2726.697265625,5.1708984375,5.2119140625,3277,4096,6.333181071656249,94.56017006381865,266.15899999887915
32c5c5603d35bfcd62932c925aaf58426c1a88b7_satellite.tif,mask_supervised_cems_hls,0.8,82.49773621559144,0.7541717290878296,1.0,0.7469144463539124,0.7392578125,14.77673828229851,0.727260536946396,,530.3206077872744,99.81143482163131,2726.697265625,5.1416015625,5.2119140625,3277,4096,6.028788205185389,84.3599902803638,216.43040000344627
32c5c5603d35bfcd62932c925aaf58426c1a88b7_satellite.tif,hybrid_fixed_0p95_mask_supervised_cems_hls_0p05,0.8,99.19393897056582,0.9917873740196228,1.0,0.9761222004890442,1.0,18.797310308211447,0.8768216853989514,,527.0173650434126,99.81025293162445,2726.697265625,5.173828125,5.2119140625,3277,4096,6.3357142391618035,94.56647888289777,253.68449999950826
32c5c5603d35bfcd62932c925aaf58426c1a88b7_satellite.tif,hybrid_fixed_0p50_mask_supervised_cems_hls_0p50,0.8,99.15106296539308,0.9911202192306519,1.0,0.9753127098083496,1.0,18.71848150773882,0.8744511122077863,,525.9254096816726,99.80985896828881,2726.697265625,5.1845703125,5.2119140625,3277,4096,6.342418459046737,94.35707737098748,256.35009999678005
3a45e2ad3da85ce0b69a17f16a3363f45d104bf1_satellite.tif,fixed_mission_utility,0.8,100.0,1.0,1.0,1.0,1.0,19.05566712503129,0.8699765176416527,,590.0015816528272,99.83050892894244,2914.28515625,4.939453125,5.2392578125,3277,4096,5.831470253057558,93.39778959995574,264.3731999996817
3a45e2ad3da85ce0b69a17f16a3363f45d104bf1_satellite.tif,mask_supervised_cems_hls,0.8,100.0,1.0,1.0,1.0,1.0,19.211484157753947,0.863875188256437,,579.012029491657,99.82729201656174,2914.28515625,5.033203125,5.2392578125,3277,4096,5.837422171463656,91.80895037875105,227.7842999974382
3a45e2ad3da85ce0b69a17f16a3363f45d104bf1_satellite.tif,hybrid_fixed_0p95_mask_supervised_cems_hls_0p05,0.8,100.0,1.0,1.0,1.0,1.0,19.039493383112593,0.8698852303920717,,590.4685397704789,99.8306429669583,2914.28515625,4.935546875,5.2392578125,3277,4096,5.83104740543946,93.39197632168714,269.60429999599
3a45e2ad3da85ce0b69a17f16a3363f45d104bf1_satellite.tif,hybrid_fixed_0p50_mask_supervised_cems_hls_0p50,0.8,100.0,1.0,1.0,1.0,1.0,19.09844139187969,0.8702601190341133,,586.8688298918387,99.82960417233537,2914.28515625,4.9658203125,5.2392578125,3277,4096,5.831052959628725,93.2519338093748,265.69970000127796
3ef2008e67d6267959b999d39ba9c7a4212a2ad7_satellite.tif,fixed_mission_utility,0.8,100.0,1.0,1.0,1.0,1.0,19.29043720670044,0.8258555884556833,,525.8118299445472,99.80981789624143,2777.970703125,5.283203125,5.5126953125,3277,4096,6.129450450387319,91.0176329196721,266.13650000217604
3ef2008e67d6267959b999d39ba9c7a4212a2ad7_satellite.tif,mask_supervised_cems_hls,0.8,100.0,1.0,1.0,1.0,1.0,19.020857638010416,0.8159580366103656,,525.7146553317317,99.80978274243296,2777.970703125,5.2841796875,5.5126953125,3277,4096,6.103917874319963,88.96433187951767,217.06519999861484
3ef2008e67d6267959b999d39ba9c7a4212a2ad7_satellite.tif,hybrid_fixed_0p95_mask_supervised_cems_hls_0p05,0.8,100.0,1.0,1.0,1.0,1.0,19.29834183030169,0.8259481598890809,,525.3263157894737,99.80964212719914,2777.970703125,5.2880859375,5.5126953125,3277,4096,6.134445805579689,91.0234578675364,271.78330000606366
3ef2008e67d6267959b999d39ba9c7a4212a2ad7_satellite.tif,hybrid_fixed_0p50_mask_supervised_cems_hls_0p50,0.8,100.0,1.0,1.0,1.0,1.0,19.290241758959063,0.825864166389832,,525.1323610854716,99.80957181958222,2777.970703125,5.2900390625,5.5126953125,3277,4096,6.134034647045009,90.91653340887778,274.98149999883026
440d68934d966c7566a6caaf6cd62aa3acad5583_satellite.tif,fixed_mission_utility,0.8,100.0,1.0,1.0,1.0,1.0,17.802000086494782,0.7947816655555404,,522.6746160794942,99.80867637929293,2825.19921875,5.4052734375,5.7001953125,3277,4096,6.307198413314763,88.98116752272715,263.0104999989271
440d68934d966c7566a6caaf6cd62aa3acad5583_satellite.tif,mask_supervised_cems_hls,0.8,100.0,1.0,1.0,1.0,1.0,17.379052399787376,0.7658395830997272,,518.9244843049328,99.80729373343418,2825.19921875,5.4443359375,5.7001953125,3277,4096,6.2664898260671,84.46819415925091,222.19590000167955
440d68934d966c7566a6caaf6cd62aa3acad5583_satellite.tif,hybrid_fixed_0p95_mask_supervised_cems_hls_0p05,0.8,100.0,1.0,1.0,1.0,1.0,17.797997779783653,0.7946003764534895,,522.8635459967468,99.80874551158588,2825.19921875,5.4033203125,5.7001953125,3277,4096,6.3063936089822406,88.9753701579046,266.23950000066543
440d68934d966c7566a6caaf6cd62aa3acad5583_satellite.tif,hybrid_fixed_0p50_mask_supervised_cems_hls_0p50,0.8,100.0,1.0,1.0,1.0,1.0,17.854997384366154,0.7941331327033626,,522.8635459967468,99.80874551158588,2825.19921875,5.4033203125,5.7001953125,3277,4096,6.309444532816718,88.84668273633059,269.8125000024447
4b2a9e28dd62ee350b9665992961ed43652e588d_satellite.tif,fixed_mission_utility,0.8,100.0,1.0,1.0,1.0,1.0,24.82390284939835,0.9816790452570122,,614.0038997214484,99.83713458490188,2152.611328125,3.505859375,3.2041015625,3277,4096,5.016493923586491,99.79539035591898,227.5521000046865
4b2a9e28dd62ee350b9665992961ed43652e588d_satellite.tif,mask_supervised_cems_hls,0.8,99.10574913024904,0.9943873286247253,1.0,0.9665127992630005,1.0,23.256952805237386,0.9687022183624603,,633.2301062912956,99.84207952368898,2152.611328125,3.3994140625,3.2041015625,3277,4096,4.3995322974950035,91.49817239020474,174.72129999805475
4b2a9e28dd62ee350b9665992961ed43652e588d_satellite.tif,hybrid_fixed_0p95_mask_supervised_cems_hls_0p05,0.8,100.0,1.0,1.0,1.0,1.0,24.817566808813183,0.981651002147929,,613.6620267260579,99.8370438520801,2152.611328125,3.5078125,3.2041015625,3277,4096,5.013824272872448,99.79486833705454,222.4281999951927
4b2a9e28dd62ee350b9665992961ed43652e588d_satellite.tif,hybrid_fixed_0p50_mask_supervised_cems_hls_0p50,0.8,100.0,1.0,1.0,1.0,1.0,24.794864408375126,0.9814953035977485,,613.1499304589707,99.83690775284742,2152.611328125,3.5107421875,3.2041015625,3277,4096,4.994036401088435,99.77979504234334,237.11139999795705
4d8506afa241c65d61a04f12b9f0b228ea9c9e8b_satellite.tif,fixed_mission_utility,0.8,100.0,1.0,1.0,1.0,1.0,18.599092398707235,0.8411812025024864,,554.9554187651557,99.81980534540502,2905.38671875,5.2353515625,5.5576171875,3277,4096,6.12958470899563,91.85322051333809,250.2366000044276
4d8506afa241c65d61a04f12b9f0b228ea9c9e8b_satellite.tif,mask_supervised_cems_hls,0.8,100.0,1.0,1.0,1.0,1.0,17.998730062938712,0.8059554752021537,,549.4212373037858,99.8179902901265,2905.38671875,5.2880859375,5.5576171875,3277,4096,6.116350089215098,87.58077729556332,212.02919999632286
4d8506afa241c65d61a04f12b9f0b228ea9c9e8b_satellite.tif,hybrid_fixed_0p95_mask_supervised_cems_hls_0p05,0.8,100.0,1.0,1.0,1.0,1.0,18.597805073738535,0.8411148508858205,,555.1625303228215,99.8198725696746,2905.38671875,5.2333984375,5.5576171875,3277,4096,6.129813166027944,91.84308109160592,265.947399995639
4d8506afa241c65d61a04f12b9f0b228ea9c9e8b_satellite.tif,hybrid_fixed_0p50_mask_supervised_cems_hls_0p50,0.8,100.0,1.0,1.0,1.0,1.0,18.68745847472485,0.8413859971687921,,555.1625303228215,99.8198725696746,2905.38671875,5.2333984375,5.5576171875,3277,4096,6.130376408472439,91.71474013165559,262.8716999970493
4e0369ea762c002934289fb0584211b62c57249e_satellite.tif,fixed_mission_utility,0.8,100.0,1.0,1.0,1.0,1.0,14.68006119812001,0.6036692688735276,,529.5837765957447,99.8111724633205,2722.3916015625,5.140625,5.5048828125,3277,4096,5.873025040761654,87.38351093511238,270.1390000001993
4e0369ea762c002934289fb0584211b62c57249e_satellite.tif,mask_supervised_cems_hls,0.8,100.0,1.0,1.0,1.0,1.0,16.68335972586033,0.6149056056952201,,520.6815465072842,99.80794402899278,2722.3916015625,5.228515625,5.5048828125,3277,4096,5.9377816502568095,80.87502231483738,214.72380000341218
4e0369ea762c002934289fb0584211b62c57249e_satellite.tif,hybrid_fixed_0p95_mask_supervised_cems_hls_0p05,0.8,100.0,1.0,1.0,1.0,1.0,14.678231276147782,0.6036729358330205,,528.7801593323217,99.81088549138026,2722.3916015625,5.1484375,5.5048828125,3277,4096,5.872221085918108,87.3990274660562,276.2278000009246
4e0369ea762c002934289fb0584211b62c57249e_satellite.tif,hybrid_fixed_0p50_mask_supervised_cems_hls_0p50,0.8,100.0,1.0,1.0,1.0,1.0,14.780702284511777,0.6071558708413831,,531.0971613640694,99.81171053570846,2722.3916015625,5.1259765625,5.5048828125,3277,4096,5.887415708089076,87.30538935601906,284.617099998286
514d9e76825f00bf3b8f89ac41aca5cbac445c44_satellite.tif,fixed_mission_utility,0.8,91.03861451148988,0.9088598489761353,1.0,0.8777657151222229,0.712890625,18.868106305339424,0.7390188691816166,,589.8652948663555,99.83046976848729,2715.4541015625,4.603515625,4.9150390625,3277,4096,5.362968307639252,86.74209300034778,274.64969999709865
514d9e76825f00bf3b8f89ac41aca5cbac445c44_satellite.tif,mask_supervised_cems_hls,0.8,100.0,1.0,1.0,1.0,1.0,19.78307647134247,0.7342771318335235,,570.7358374384237,99.82478759271747,2715.4541015625,4.7578125,4.9150390625,3277,4096,5.3859144637702485,81.84260961113411,228.6688000021968
514d9e76825f00bf3b8f89ac41aca5cbac445c44_satellite.tif,hybrid_fixed_0p95_mask_supervised_cems_hls_0p05,0.8,90.91068744659425,0.9073622226715088,1.0,0.8763177394866943,0.708984375,18.874178140404048,0.7388750588431893,,589.4901420394318,99.83036187907395,2715.4541015625,4.6064453125,4.9150390625,3277,4096,5.3634190862105084,86.7329520628187,274.3521000011242
514d9e76825f00bf3b8f89ac41aca5cbac445c44_satellite.tif,hybrid_fixed_0p50_mask_supervised_cems_hls_0p50,0.8,88.34289550781251,0.8701645135879517,1.0,0.8379485607147217,0.677734375,18.844656715108343,0.739170936838678,,595.8056567388044,99.83216003596314,2715.4541015625,4.5576171875,4.9150390625,3277,4096,5.366800079623555,86.70802438324392,280.505800001265
5166b98726fb1176f7b843838fd3e234a8237888_satellite.tif,fixed_mission_utility,0.8,100.0,1.0,1.0,1.0,1.0,15.978611936246905,0.7940638636035283,,570.8226880877743,99.82481425127828,2845.1943359375,4.984375,5.4638671875,3277,4096,6.080474758100506,92.26823874880876,263.18840000021737
5166b98726fb1176f7b843838fd3e234a8237888_satellite.tif,mask_supervised_cems_hls,0.8,100.0,1.0,1.0,1.0,1.0,17.896769396742542,0.8245315888002951,,539.9330985915493,99.8147918691022,2845.1943359375,5.26953125,5.4638671875,3277,4096,6.181687642815545,85.71366737526496,218.35509999800706
5166b98726fb1176f7b843838fd3e234a8237888_satellite.tif,hybrid_fixed_0p95_mask_supervised_cems_hls_0p05,0.8,100.0,1.0,1.0,1.0,1.0,15.976797542796643,0.7939765765394898,,570.4873702760916,99.82471128159838,2845.1943359375,4.9873046875,5.4638671875,3277,4096,6.080374634113523,92.26930223115406,259.4950999991852
5166b98726fb1176f7b843838fd3e234a8237888_satellite.tif,hybrid_fixed_0p50_mask_supervised_cems_hls_0p50,0.8,100.0,1.0,1.0,1.0,1.0,16.121518166782863,0.7936711744936257,,572.1679104477612,99.82522612999784,2845.1943359375,4.97265625,5.4638671875,3277,4096,6.09627429694304,92.23672776691785,266.068400000222
52de0a2da3dbe99689264f7d2bae1e3966b61a4a_satellite.tif,fixed_mission_utility,0.8,100.0,1.0,1.0,1.0,1.0,18.94726890583366,0.8756045276398845,,536.7272390135361,99.8136856251533,2826.728515625,5.2666015625,5.4541015625,3277,4096,6.185068145251773,90.51393167665849,260.6048000016017
52de0a2da3dbe99689264f7d2bae1e3966b61a4a_satellite.tif,mask_supervised_cems_hls,0.8,98.50389361381534,0.9807021021842957,1.0,0.9637904763221741,1.0,18.08386992768093,0.8465942140477005,,534.2506459948321,99.81282193900995,2826.728515625,5.291015625,5.4541015625,3277,4096,6.107579854121155,85.5784654291192,216.41280000039842
52de0a2da3dbe99689264f7d2bae1e3966b61a4a_satellite.tif,hybrid_fixed_0p95_mask_supervised_cems_hls_0p05,0.8,100.0,1.0,1.0,1.0,1.0,18.943648209955725,0.8755712604824968,,535.3375254299981,99.81320196091302,2826.728515625,5.2802734375,5.4541015625,3277,4096,6.18602823431813,90.52519564611934,267.11039999645436
52de0a2da3dbe99689264f7d2bae1e3966b61a4a_satellite.tif,hybrid_fixed_0p50_mask_supervised_cems_hls_0p50,0.8,100.0,1.0,1.0,1.0,1.0,18.68774998205498,0.8711461499894342,,538.0241635687732,99.81413474194785,2826.728515625,5.25390625,5.4541015625,3277,4096,6.174155932593829,90.41102913708488,265.7639000026393
5351442db944f4c8c60b94b03806e0cf4e6c44b5_satellite.tif,fixed_mission_utility,0.8,100.0,1.0,1.0,1.0,1.0,17.819535498489046,0.8065065624431188,,534.3097643097643,99.81284264919024,2789.47265625,5.220703125,5.5732421875,3277,4096,6.084573952544467,90.44434161734951,269.7409999964293
5351442db944f4c8c60b94b03806e0cf4e6c44b5_satellite.tif,mask_supervised_cems_hls,0.8,100.0,1.0,1.0,1.0,1.0,18.774178178756785,0.813846626696891,,524.6914033798678,99.80941178118063,2789.47265625,5.31640625,5.5732421875,3277,4096,6.083713121050378,85.71471913523987,215.53200000198558
5351442db944f4c8c60b94b03806e0cf4e6c44b5_satellite.tif,hybrid_fixed_0p95_mask_supervised_cems_hls_0p05,0.8,100.0,1.0,1.0,1.0,1.0,17.820630449105646,0.8065707086837153,,534.3097643097643,99.81284264919024,2789.47265625,5.220703125,5.5732421875,3277,4096,6.0844458418604805,90.43136473650384,266.84360000217566
5351442db944f4c8c60b94b03806e0cf4e6c44b5_satellite.tif,hybrid_fixed_0p50_mask_supervised_cems_hls_0p50,0.8,100.0,1.0,1.0,1.0,1.0,17.978082760331556,0.8124363761238451,,535.4114339268979,99.81322774661989,2789.47265625,5.2099609375,5.5732421875,3277,4096,6.092831415001708,90.22510442484001,267.52030000352534
57329243c3bbefb818bb065fb1e2fc3453bf0825_satellite.tif,fixed_mission_utility,0.8,100.0,1.0,1.0,1.0,1.0,18.16600899967284,0.8202945716116864,,522.3817115631299,99.80856910227433,2783.8251953125,5.3291015625,5.5048828125,3277,4096,6.1643388545181566,89.6263825385773,276.2656999984756
57329243c3bbefb818bb065fb1e2fc3453bf0825_satellite.tif,mask_supervised_cems_hls,0.8,100.0,1.0,1.0,1.0,1.0,17.67916893564754,0.7932427101572033,,524.2068775285031,99.80923561996845,2783.8251953125,5.310546875,5.5048828125,3277,4096,6.095001703333622,86.5012606615046,218.32939999876544
57329243c3bbefb818bb065fb1e2fc3453bf0825_satellite.tif,hybrid_fixed_0p95_mask_supervised_cems_hls_0p05,0.8,100.0,1.0,1.0,1.0,1.0,18.165277257920955,0.8202805771069877,,523.1486511286474,99.80884974130345,2783.8251953125,5.3212890625,5.5048828125,3277,4096,6.164155224606563,89.62586168281383,257.0689999993192
57329243c3bbefb818bb065fb1e2fc3453bf0825_satellite.tif,hybrid_fixed_0p50_mask_supervised_cems_hls_0p50,0.8,100.0,1.0,1.0,1.0,1.0,18.1656335689384,0.8202566831349664,,523.8215729511209,99.8090953004539,2783.8251953125,5.314453125,5.5048828125,3277,4096,6.15986782890781,89.5068270851603,260.96490000054473
5837f04d27ccc9cc635ca391e9ac39fdd8361436_satellite.tif,fixed_mission_utility,0.8,93.84376764297487,0.9670459628105164,1.0,0.75809645652771,1.0,13.757320347511381,0.7865478389303774,,499.6115490375802,99.79984449880585,2661.5048828125,5.3271484375,5.57421875,3277,4096,6.349369965115262,87.2292886985904,259.7490000043763
5837f04d27ccc9cc635ca391e9ac39fdd8361436_satellite.tif,mask_supervised_cems_hls,0.8,85.89973807334901,0.8238019347190857,1.0,0.6473830342292786,1.0,13.409049236673118,0.7490571458532108,,497.24156175880313,99.79889050374975,2661.5048828125,5.3525390625,5.57421875,3277,4096,6.274814162710797,84.2270690762891,215.6126999980188
5837f04d27ccc9cc635ca391e9ac39fdd8361436_satellite.tif,hybrid_fixed_0p95_mask_supervised_cems_hls_0p05,0.8,93.72821092605594,0.9650254845619202,1.0,0.7563595771789551,1.0,13.75530321276598,0.7867419157695337,,500.25348751835537,99.80010134362865,2661.5048828125,5.3203125,5.57421875,3277,4096,6.350539666742192,87.23202716774094,261.19110000581713
5837f04d27ccc9cc635ca391e9ac39fdd8361436_satellite.tif,hybrid_fixed_0p50_mask_supervised_cems_hls_0p50,0.8,92.99059987068176,0.9517061710357666,1.0,0.7461176514625549,1.0,13.738039566789606,0.7863537080270016,,501.9117863720074,99.80076180174441,2661.5048828125,5.302734375,5.57421875,3277,4096,6.347476331198377,87.20297413701998,253.6952000009478
5caee210e490c654321e2aeb88bbc0df3c1d9551_satellite.tif,fixed_mission_utility,0.8,100.0,1.0,1.0,1.0,1.0,15.14590440800848,0.7398950880922621,,491.280664167113,99.79645036474307,2687.1708984375,5.4697265625,5.75,3277,4096,6.3360126675348365,93.80175629734066,270.40390000183834
5caee210e490c654321e2aeb88bbc0df3c1d9551_satellite.tif,mask_supervised_cems_hls,0.8,100.0,1.0,1.0,1.0,1.0,15.33151974617433,0.7222306334729164,,485.9878134934652,99.79423352350923,2687.1708984375,5.529296875,5.75,3277,4096,6.288656779012506,92.02284934337914,237.38639999646693
5caee210e490c654321e2aeb88bbc0df3c1d9551_satellite.tif,hybrid_fixed_0p95_mask_supervised_cems_hls_0p05,0.8,100.0,1.0,1.0,1.0,1.0,15.191521101637672,0.7403005130451604,,490.2303580972742,99.79601426482822,2687.1708984375,5.4814453125,5.75,3277,4096,6.337093048998883,93.77975263681775,273.2707999966806
5caee210e490c654321e2aeb88bbc0df3c1d9551_satellite.tif,hybrid_fixed_0p50_mask_supervised_cems_hls_0p50,0.8,100.0,1.0,1.0,1.0,1.0,15.321334497525733,0.7387889337683581,,487.365037194474,99.79481499006238,2687.1708984375,5.513671875,5.75,3277,4096,6.32974637544223,93.50915684604983,264.53269999910844
5d59d84dd2bc712d144fb7b01ff0fac2dfc1c5af_satellite.tif,fixed_mission_utility,0.8,100.0,1.0,1.0,1.0,1.0,21.519533227468376,0.9418163592899454,,537.6108941819601,99.81399186459538,2689.1044921875,5.001953125,5.0224609375,3277,4096,6.346899428567812,96.04231963454284,271.1580999966827
5d59d84dd2bc712d144fb7b01ff0fac2dfc1c5af_satellite.tif,mask_supervised_cems_hls,0.8,100.0,1.0,1.0,1.0,1.0,21.253065366941414,0.9353008683371629,,523.3072976054732,99.80890769064835,2689.1044921875,5.138671875,5.0224609375,3277,4096,6.303572920767946,92.98363763709277,211.19570000155363
5d59d84dd2bc712d144fb7b01ff0fac2dfc1c5af_satellite.tif,hybrid_fixed_0p95_mask_supervised_cems_hls_0p05,0.8,100.0,1.0,1.0,1.0,1.0,21.50309739629011,0.9418432648139708,,537.6108941819601,99.81399186459538,2689.1044921875,5.001953125,5.0224609375,3277,4096,6.345671813979149,96.03257693924753,262.015699998301
5d59d84dd2bc712d144fb7b01ff0fac2dfc1c5af_satellite.tif,hybrid_fixed_0p50_mask_supervised_cems_hls_0p50,0.8,100.0,1.0,1.0,1.0,1.0,21.707832002670852,0.9430040400039491,,535.3116251944012,99.81319292297512,2689.1044921875,5.0234375,5.0224609375,3277,4096,6.360675036975572,95.77210921183425,262.6733999932185
63477a64d2e59ae222a73b69a34b70d186f1b89a_satellite.tif,fixed_mission_utility,0.8,93.0647099018097,0.9259907007217407,1.0,0.9164884686470032,0.76953125,22.27317298162021,0.9151397461712636,,586.701182858251,99.82955548254935,2954.705078125,5.0361328125,5.1904296875,3277,4096,6.0129117915757435,91.04323466883069,273.55370000441326
63477a64d2e59ae222a73b69a34b70d186f1b89a_satellite.tif,mask_supervised_cems_hls,0.8,84.51061646143596,0.8513815999031067,0.8888888888888888,0.843731164932251,0.69140625,20.298418720060987,0.8662020218215558,,578.9548411787217,99.82727495671958,2954.705078125,5.103515625,5.1904296875,3277,4096,5.9325426592729285,86.1233723086246,225.11340000346536
63477a64d2e59ae222a73b69a34b70d186f1b89a_satellite.tif,hybrid_fixed_0p95_mask_supervised_cems_hls_0p05,0.8,93.00423502922061,0.9253052473068237,1.0,0.9158121943473816,0.767578125,22.2700263962219,0.9150925725240324,,586.8149728471683,99.82958853364833,2954.705078125,5.03515625,5.1904296875,3277,4096,6.013318757634379,91.03193502769004,280.51099999720464
63477a64d2e59ae222a73b69a34b70d186f1b89a_satellite.tif,hybrid_fixed_0p50_mask_supervised_cems_hls_0p50,0.8,90.87533076604208,0.9195183515548706,0.9444444444444444,0.9101334810256958,0.755859375,22.214072236105032,0.9139842504417082,,587.0426852929763,99.8296546358463,2954.705078125,5.033203125,5.1904296875,3277,4096,6.013043249554517,90.88753912056904,273.22210000420455
64a0d72a1edec365d7d1353d123e40af75617e06_satellite.tif,fixed_mission_utility,0.8,100.0,1.0,1.0,1.0,1.0,18.312971886036905,0.8316629861771085,,528.9093744267107,99.81093169296084,2815.5126953125,5.3232421875,5.537109375,3277,4096,6.205894370034586,89.73878574709934,259.95790000160923
64a0d72a1edec365d7d1353d123e40af75617e06_satellite.tif,mask_supervised_cems_hls,0.8,100.0,1.0,1.0,1.0,1.0,17.91773943006987,0.7989109374304635,,523.9115028166455,99.80912806941176,2815.5126953125,5.3740234375,5.537109375,3277,4096,6.153501367682853,86.23171436387706,218.2593999968958
64a0d72a1edec365d7d1353d123e40af75617e06_satellite.tif,hybrid_fixed_0p95_mask_supervised_cems_hls_0p05,0.8,100.0,1.0,1.0,1.0,1.0,18.32415875559301,0.8317021097773275,,530.2712893139599,99.81141728391636,2815.5126953125,5.3095703125,5.537109375,3277,4096,6.205727025919965,89.73054062211438,272.1065000005183
64a0d72a1edec365d7d1353d123e40af75617e06_satellite.tif,hybrid_fixed_0p50_mask_supervised_cems_hls_0p50,0.8,100.0,1.0,1.0,1.0,1.0,18.402062050923384,0.8288895042696811,,530.7593888070692,99.81159070925762,2815.5126953125,5.3046875,5.537109375,3277,4096,6.194552948427269,89.60160017908358,277.4868999986211
6994d5f4cf4edd70cc252783f02c6bb15e8accf5_satellite.tif,fixed_mission_utility,0.8,100.0,1.0,1.0,1.0,1.0,17.186782820349155,0.8409099919684264,,576.3430861723447,99.82649223630993,2808.546875,4.873046875,5.333984375,3277,4096,5.670836654763733,89.98815785652054,258.5921000063536
6994d5f4cf4edd70cc252783f02c6bb15e8accf5_satellite.tif,mask_supervised_cems_hls,0.8,100.0,1.0,1.0,1.0,1.0,19.296049173885987,0.8262850031379417,,549.5799732467036,99.81804286024246,2808.546875,5.1103515625,5.333984375,3277,4096,5.752948096942486,83.53664240505377,216.32659999886528
6994d5f4cf4edd70cc252783f02c6bb15e8accf5_satellite.tif,hybrid_fixed_0p95_mask_supervised_cems_hls_0p05,0.8,100.0,1.0,1.0,1.0,1.0,17.18724333626037,0.8409783641775852,,575.9967955137192,99.82638792302514,2808.546875,4.8759765625,5.333984375,3277,4096,5.670733837196348,89.98558368867373,306.00390000472544
6994d5f4cf4edd70cc252783f02c6bb15e8accf5_satellite.tif,hybrid_fixed_0p50_mask_supervised_cems_hls_0p50,0.8,100.0,1.0,1.0,1.0,1.0,17.174345789590813,0.841343216144153,,579.7121548074985,99.82750059806284,2808.546875,4.8447265625,5.333984375,3277,4096,5.67914674244124,89.9110202456844,335.4419000024791
6dad7f90e48a55ad812727da4fc376410249ea4e_satellite.tif,fixed_mission_utility,0.8,95.18703937530519,0.9270805716514587,1.0,0.9051908254623413,1.0,17.096618234746703,0.8096526060489737,,525.7192377495463,99.80978440045666,2828.8212890625,5.380859375,5.736328125,3277,4096,6.3239296447664,89.39757459257261,274.53679999598535
6dad7f90e48a55ad812727da4fc376410249ea4e_satellite.tif,mask_supervised_cems_hls,0.8,83.74433875083925,0.7804642915725708,1.0,0.7620305418968201,0.728515625,15.30967562625907,0.7218025321813039,,518.8452444922085,99.80726430267686,2828.8212890625,5.4521484375,5.736328125,3277,4096,6.258649425799884,84.70170790736744,236.38970000320114
6dad7f90e48a55ad812727da4fc376410249ea4e_satellite.tif,hybrid_fixed_0p95_mask_supervised_cems_hls_0p05,0.8,95.15345811843872,0.9265218377113342,1.0,0.9046292304992676,1.0,17.085467917316755,0.8091964808181293,,525.433157990205,99.80968083479446,2828.8212890625,5.3837890625,5.736328125,3277,4096,6.324760001531532,89.38574372576137,298.8467999966815
6dad7f90e48a55ad812727da4fc376410249ea4e_satellite.tif,hybrid_fixed_0p50_mask_supervised_cems_hls_0p50,0.8,94.74031448364258,0.9195944666862488,1.0,0.8978267908096313,1.0,16.995757229941816,0.8055171973750743,,527.8267128279883,99.81054388197933,2828.8212890625,5.359375,5.736328125,3277,4096,6.326578176739135,89.25724787788043,292.5064000010025
7235d348eea2a7106f3a76ea4de803cb07ade22b_satellite.tif,fixed_mission_utility,0.8,100.0,1.0,1.0,1.0,1.0,17.888745847089226,0.8007207560041115,,507.6649261793302,99.8030196792349,2753.4873046875,5.423828125,5.6962890625,3277,4096,6.340794939818904,88.46887929590821,303.49069999647327
7235d348eea2a7106f3a76ea4de803cb07ade22b_satellite.tif,mask_supervised_cems_hls,0.8,99.26279187202455,0.9960829019546509,1.0,0.982692539691925,0.9765625,16.48751657784605,0.7200962778775334,,505.11841633823,99.80202662036174,2753.4873046875,5.451171875,5.6962890625,3277,4096,6.242281754424099,82.98650477223906,260.42679999955
7235d348eea2a7106f3a76ea4de803cb07ade22b_satellite.tif,hybrid_fixed_0p95_mask_supervised_cems_hls_0p05,0.8,100.0,1.0,1.0,1.0,1.0,17.888764254456014,0.800710345987813,,507.7563479200432,99.80305514562322,2753.4873046875,5.4228515625,5.6962890625,3277,4096,6.340669776234336,88.4660227676073,316.3196000023163
7235d348eea2a7106f3a76ea4de803cb07ade22b_satellite.tif,hybrid_fixed_0p50_mask_supervised_cems_hls_0p50,0.8,100.0,1.0,1.0,1.0,1.0,17.865978057405894,0.7992234789430915,,507.93929021797874,99.80312607839987,2753.4873046875,5.4208984375,5.6962890625,3277,4096,6.3424201946919885,88.31701459730297,316.15379999857396
728f4db0587bea83f3958e8aec38e617861ca1b5_satellite.tif,fixed_mission_utility,0.8,99.75960254669192,1.0,1.0,0.9879801273345947,1.0,19.219988714832066,0.8898795565055274,,455.36637034234917,99.78039660696766,2351.095703125,5.1630859375,5.2900390625,3277,4096,6.388411029381495,93.52844848151777,274.26249999552965
728f4db0587bea83f3958e8aec38e617861ca1b5_satellite.tif,mask_supervised_cems_hls,0.8,92.2942649727194,0.8975178599357605,1.0,0.8692501783370972,0.9008547008547009,17.048008869854993,0.8205067118640493,,442.7219566016918,99.77412459782299,2351.095703125,5.310546875,5.2900390625,3277,4096,6.296035712839435,88.32487762772436,230.07180000422522
728f4db0587bea83f3958e8aec38e617861ca1b5_satellite.tif,hybrid_fixed_0p95_mask_supervised_cems_hls_0p05,0.8,99.767062664032,1.0,1.0,0.9883531332015991,1.0,19.231874951196847,0.8902241182498214,,455.5386944181646,99.78047967993646,2351.095703125,5.1611328125,5.2900390625,3277,4096,6.3894464169171945,93.52724532879189,291.61529999691993
728f4db0587bea83f3958e8aec38e617861ca1b5_satellite.tif,hybrid_fixed_0p50_mask_supervised_cems_hls_0p50,0.8,99.76034045219423,1.0,1.0,0.9880170226097107,1.0,19.103296236520958,0.88691141872172,,454.50670190673964,99.77998124212364,2351.095703125,5.1728515625,5.2900390625,3277,4096,6.396809066123109,93.43103192209988,286.8499999967753
73ccaedcb6550b7dc1655daa5a5a2017cd0f3a39_satellite.tif,fixed_mission_utility,0.8,100.0,1.0,1.0,1.0,1.0,17.76079459327495,0.7724113086528872,,525.7966903073286,99.80981242019315,2823.58984375,5.3701171875,5.7041015625,3277,4096,6.276021740916647,89.12911125873025,254.7642999998061
73ccaedcb6550b7dc1655daa5a5a2017cd0f3a39_satellite.tif,mask_supervised_cems_hls,0.8,100.0,1.0,1.0,1.0,1.0,17.89070741666303,0.7609474069964877,,519.9345441467362,99.8076680975985,2823.58984375,5.4306640625,5.7041015625,3277,4096,6.240427092099306,84.24816310493,208.59290000225883
73ccaedcb6550b7dc1655daa5a5a2017cd0f3a39_satellite.tif,hybrid_fixed_0p95_mask_supervised_cems_hls_0p05,0.8,100.0,1.0,1.0,1.0,1.0,17.775253194747982,0.7725980614281027,,525.8923244816297,99.80984700604145,2823.58984375,5.369140625,5.7041015625,3277,4096,6.277456697503086,89.12878727991796,262.53839999844786
73ccaedcb6550b7dc1655daa5a5a2017cd0f3a39_satellite.tif,hybrid_fixed_0p50_mask_supervised_cems_hls_0p50,0.8,100.0,1.0,1.0,1.0,1.0,17.942598912923884,0.7742995328203663,,524.651787334422,99.80939739001354,2823.58984375,5.3818359375,5.7041015625,3277,4096,6.288200544768628,88.95268535670196,268.5189999974682
74a134f73ab39bc8eba24f535baa195f473bf5f8_satellite.tif,fixed_mission_utility,0.8,100.0,1.0,1.0,1.0,1.0,19.076349553081666,0.8485633882688017,,525.091544117647,99.80955701701875,2789.548828125,5.3125,5.66796875,3277,4096,6.26733345699885,88.4624372339031,265.6901999944239
74a134f73ab39bc8eba24f535baa195f473bf5f8_satellite.tif,mask_supervised_cems_hls,0.8,100.0,1.0,1.0,1.0,1.0,19.005581233472274,0.8318364860596884,,515.5203031943693,99.80602121898913,2789.548828125,5.4111328125,5.66796875,3277,4096,6.265950333779832,83.11628868017189,216.67310000339057
74a134f73ab39bc8eba24f535baa195f473bf5f8_satellite.tif,hybrid_fixed_0p95_mask_supervised_cems_hls_0p05,0.8,100.0,1.0,1.0,1.0,1.0,19.072253461900488,0.8484629553481436,,524.8021311776594,99.8094519933149,2789.548828125,5.3154296875,5.66796875,3277,4096,6.264959733758925,88.46234954879435,259.95220000186237
74a134f73ab39bc8eba24f535baa195f473bf5f8_satellite.tif,hybrid_fixed_0p50_mask_supervised_cems_hls_0p50,0.8,100.0,1.0,1.0,1.0,1.0,19.077226271329263,0.8479519991314276,,523.6476626947755,99.80903189849948,2789.548828125,5.3271484375,5.66796875,3277,4096,6.26137738499399,88.3172682731539,259.5865000039339
7d1bcbf477324a82bb187d33eebcbab63880f548_satellite.tif,fixed_mission_utility,0.8,98.84615384615387,1.0,0.9615384615384616,1.0,1.0,18.24459716123726,0.8015182915743155,,542.3444711094702,99.81561534167494,2869.0234375,5.2900390625,5.5771484375,3277,4096,6.2836324217820065,88.33028383998443,257.59670000115875
7d1bcbf477324a82bb187d33eebcbab63880f548_satellite.tif,mask_supervised_cems_hls,0.8,100.0,1.0,1.0,1.0,1.0,18.189886766537494,0.7899677252947196,,531.646760767282,99.81190518332947,2869.0234375,5.396484375,5.5771484375,3277,4096,6.230029835585622,82.7901108964525,216.67589999560732
7d1bcbf477324a82bb187d33eebcbab63880f548_satellite.tif,hybrid_fixed_0p95_mask_supervised_cems_hls_0p05,0.8,98.84615384615387,1.0,0.9615384615384616,1.0,1.0,18.244283446731966,0.8012825467088728,,542.7452429336781,99.81575149427478,2869.0234375,5.2861328125,5.5771484375,3277,4096,6.2827461812748275,88.33738461244748,261.8157999968389
7d1bcbf477324a82bb187d33eebcbab63880f548_satellite.tif,hybrid_fixed_0p50_mask_supervised_cems_hls_0p50,0.8,98.84615384615387,1.0,0.9615384615384616,1.0,1.0,18.12935335599516,0.7999712695168636,,543.4480207177211,99.8159897613245,2869.0234375,5.279296875,5.5771484375,3277,4096,6.272362247213252,88.27108199637017,266.09040000039386
8b079ad72d655663f9e7d1fe6502ada578f2ca8a_satellite.tif,fixed_mission_utility,0.8,100.0,1.0,1.0,1.0,1.0,11.56322599101027,0.28890938359259966,,505.2844371465061,99.80209166827949,2704.5546875,5.3525390625,5.69140625,3277,4096,6.1339689613905355,88.38294775666081,263.8214999969932
8b079ad72d655663f9e7d1fe6502ada578f2ca8a_satellite.tif,mask_supervised_cems_hls,0.8,100.0,1.0,1.0,1.0,1.0,13.927143059416231,0.5165421712597194,,501.8053995289002,99.80071956161915,2704.5546875,5.3896484375,5.69140625,3277,4096,6.202906600344381,81.86357618440988,215.18709999509156
8b079ad72d655663f9e7d1fe6502ada578f2ca8a_satellite.tif,hybrid_fixed_0p95_mask_supervised_cems_hls_0p05,0.8,100.0,1.0,1.0,1.0,1.0,11.551472969701171,0.2840516591426235,,505.561153705732,99.80219999248952,2704.5546875,5.349609375,5.69140625,3277,4096,6.134732332378086,88.37680655526843,265.8127999966382
8b079ad72d655663f9e7d1fe6502ada578f2ca8a_satellite.tif,hybrid_fixed_0p50_mask_supervised_cems_hls_0p50,0.8,100.0,1.0,1.0,1.0,1.0,11.606518703925282,0.2708059088809139,,508.0653091175931,99.80317491037977,2704.5546875,5.3232421875,5.69140625,3277,4096,6.1287545259480805,88.06265492639395,271.65010000317125
8c6a615040bad81cb5d75ac933be28679fea30f5_satellite.tif,fixed_mission_utility,0.8,100.0,1.0,1.0,1.0,1.0,22.255930263667956,0.9677874572972699,,540.874715261959,99.8151143006351,2550.66796875,4.7158203125,4.822265625,3277,4096,6.220488957428481,96.95962965537045,240.9062999940943
8c6a615040bad81cb5d75ac933be28679fea30f5_satellite.tif,mask_supervised_cems_hls,0.8,96.03417754173282,0.9543941020965576,1.0,0.9280769228935242,0.9296875,19.159505213428226,0.9218384013230424,,525.1073582629674,99.80956275240402,2550.66796875,4.857421875,4.822265625,3277,4096,6.125913451979109,91.55226745438742,194.88540000020294
8c6a615040bad81cb5d75ac933be28679fea30f5_satellite.tif,hybrid_fixed_0p95_mask_supervised_cems_hls_0p05,0.8,100.0,1.0,1.0,1.0,1.0,22.255885047177365,0.9677933589879765,,540.5389072847682,99.81499944101652,2550.66796875,4.71875,4.822265625,3277,4096,6.220975303603865,96.95234438171946,250.90780000027735
8c6a615040bad81cb5d75ac933be28679fea30f5_satellite.tif,hybrid_fixed_0p50_mask_supervised_cems_hls_0p50,0.8,100.0,1.0,1.0,1.0,1.0,22.2375330998078,0.9677604811975296,,539.3111707619245,99.81457828908175,2550.66796875,4.7294921875,4.822265625,3277,4096,6.2198274121082004,96.91798754695294,244.85060000006342
8d999f51ff219de194e6bcd5abd8ab4aa9706f0b_satellite.tif,fixed_mission_utility,0.8,97.51242821866816,0.9964160919189453,0.9393939393939394,0.9736983180046082,1.0,17.359982889242588,0.827103018831311,,513.3994258373206,99.80521988345252,2619.640625,5.1025390625,5.193359375,3277,4096,6.348204314953167,92.21237463006577,250.81349999527447
8d999f51ff219de194e6bcd5abd8ab4aa9706f0b_satellite.tif,mask_supervised_cems_hls,0.8,87.94344533573498,0.9285888671875,0.7878787878787878,0.9094458818435669,0.8974609375,15.832035230990524,0.7737559588947941,,502.7196401799101,99.80108197092873,2619.640625,5.2109375,5.193359375,3277,4096,6.323757555015152,87.66251924617356,204.68509999773232
8d999f51ff219de194e6bcd5abd8ab4aa9706f0b_satellite.tif,hybrid_fixed_0p95_mask_supervised_cems_hls_0p05,0.8,97.49873464757748,0.9961826801300049,0.9393939393939394,0.9734804630279541,1.0,17.35457292888491,0.8270645578610339,,513.6943699731903,99.80533171892614,2619.640625,5.099609375,5.193359375,3277,4096,6.347988109667684,92.21164915124974,253.77219999791123
8d999f51ff219de194e6bcd5abd8ab4aa9706f0b_satellite.tif,hybrid_fixed_0p50_mask_supervised_cems_hls_0p50,0.8,95.94787966121329,1.0,0.8787878787878788,0.9792121648788452,1.0,17.338928183063697,0.8282161969776262,,512.1252386407026,99.80473526306686,2619.640625,5.115234375,5.193359375,3277,4096,6.350088138561262,91.99679350354705,255.2977000013925
8ecf5ec029a82be5acd885637d2c8f7c4391beb2_satellite.tif,fixed_mission_utility,0.8,100.0,1.0,1.0,1.0,1.0,20.13753712228439,0.8830220131486164,,542.9854139041485,99.81583299028057,2799.23828125,5.1552734375,5.3505859375,3277,4096,6.1026010027721584,91.913709899953,262.0840000017779
8ecf5ec029a82be5acd885637d2c8f7c4391beb2_satellite.tif,mask_supervised_cems_hls,0.8,100.0,1.0,1.0,1.0,1.0,19.535990946691083,0.8667720624847002,,539.8154425612053,99.81475150187342,2799.23828125,5.185546875,5.3505859375,3277,4096,6.043194192246855,90.34265992759892,216.81729999545496
8ecf5ec029a82be5acd885637d2c8f7c4391beb2_satellite.tif,hybrid_fixed_0p95_mask_supervised_cems_hls_0p05,0.8,100.0,1.0,1.0,1.0,1.0,20.133833128627113,0.8829536951978376,,543.0882910193255,99.81586787700337,2799.23828125,5.154296875,5.3505859375,3277,4096,6.102046225613559,91.91386508946823,266.65910000156146
8ecf5ec029a82be5acd885637d2c8f7c4391beb2_satellite.tif,hybrid_fixed_0p50_mask_supervised_cems_hls_0p50,0.8,100.0,1.0,1.0,1.0,1.0,20.122235825974485,0.882681999839159,,539.9171218685251,99.81478638859623,2799.23828125,5.1845703125,5.3505859375,3277,4096,6.105189189955855,91.82795660782915,271.0042000035173
92a9cc03d6473362b9813501d8f012d5e3afbbfd_satellite.tif,fixed_mission_utility,0.8,100.0,1.0,1.0,1.0,1.0,17.399526851392224,0.8147170693605217,,532.1577687776141,99.81208580261884,2822.9306640625,5.3046875,5.623046875,3277,4096,6.13008729665566,89.90408451524429,270.52610000100685
92a9cc03d6473362b9813501d8f012d5e3afbbfd_satellite.tif,mask_supervised_cems_hls,0.8,100.0,1.0,1.0,1.0,1.0,17.98817958540781,0.7870639222549434,,524.9102959869257,99.80949125828828,2822.9306640625,5.3779296875,5.623046875,3277,4096,6.087686107567794,84.21119219521998,222.39490000356454
92a9cc03d6473362b9813501d8f012d5e3afbbfd_satellite.tif,hybrid_fixed_0p95_mask_supervised_cems_hls_0p05,0.8,100.0,1.0,1.0,1.0,1.0,17.391020880141216,0.8144009848886439,,531.9619065145381,99.81201661477002,2822.9306640625,5.306640625,5.623046875,3277,4096,6.13005947423482,89.9061055915302,273.23969999997644
92a9cc03d6473362b9813501d8f012d5e3afbbfd_satellite.tif,hybrid_fixed_0p50_mask_supervised_cems_hls_0p50,0.8,100.0,1.0,1.0,1.0,1.0,17.492404332021984,0.8165887722675365,,534.3218114602588,99.8128468689558,2822.9306640625,5.283203125,5.623046875,3277,4096,6.130758022523544,89.79203467573143,269.73280000675004
95d84c1e9deed56b4e42de8685d889b6591e86a6_satellite.tif,fixed_mission_utility,0.8,100.0,1.0,1.0,1.0,1.0,23.084452131052267,0.971428852976869,,564.7399735566329,99.8229273565138,2502.724609375,4.431640625,3.9951171875,3277,4096,5.453619137771888,99.90259384066907,242.5721000035992
95d84c1e9deed56b4e42de8685d889b6591e86a6_satellite.tif,mask_supervised_cems_hls,0.8,88.2983183860779,0.839087724685669,1.0,0.8290256261825562,0.8154296875,17.26941031945497,0.8794082681176716,,607.0085267645666,99.83525766840046,2502.724609375,4.123046875,3.9951171875,3277,4096,4.73289835094673,88.51430514372058,186.72449999576202
95d84c1e9deed56b4e42de8685d889b6591e86a6_satellite.tif,hybrid_fixed_0p95_mask_supervised_cems_hls_0p05,0.8,100.0,1.0,1.0,1.0,1.0,23.084452131052267,0.971428852976869,,563.7461504619446,99.8226151967192,2502.724609375,4.439453125,3.9951171875,3277,4096,5.453619137771888,99.89871128826823,235.24400000314927
95d84c1e9deed56b4e42de8685d889b6591e86a6_satellite.tif,hybrid_fixed_0p50_mask_supervised_cems_hls_0p50,0.8,100.0,1.0,1.0,1.0,1.0,23.10915022484453,0.9713914190746784,,561.6458470304624,99.82195185715568,2502.724609375,4.4560546875,3.9951171875,3277,4096,5.409004478562923,99.88451935323991,240.08519999915734
95fbf48a7af862580a596c6f8e799a20bf28f630_satellite.tif,fixed_mission_utility,0.8,97.50000000000001,1.0,0.9166666666666666,1.0,1.0,18.552002314736566,0.8339821509803635,,507.70486427400255,99.80303517449455,2721.4765625,5.3603515625,5.6259765625,3277,4096,6.25762206546557,88.95475764707534,274.4645999991917
95fbf48a7af862580a596c6f8e799a20bf28f630_satellite.tif,mask_supervised_cems_hls,0.8,98.75000000000001,1.0,0.9583333333333334,1.0,1.0,17.777056999861184,0.7871298089029248,,503.3945086705202,99.8013486474771,2721.4765625,5.40625,5.6259765625,3277,4096,6.181865615437293,83.95006673632061,234.45750000246335
95fbf48a7af862580a596c6f8e799a20bf28f630_satellite.tif,hybrid_fixed_0p95_mask_supervised_cems_hls_0p05,0.8,97.50000000000001,1.0,0.9166666666666666,1.0,1.0,18.55287322356675,0.8340002984979845,,507.70486427400255,99.80303517449455,2721.4765625,5.3603515625,5.6259765625,3277,4096,6.25769120446923,88.93856114900117,268.29020000150194
95fbf48a7af862580a596c6f8e799a20bf28f630_satellite.tif,hybrid_fixed_0p50_mask_supervised_cems_hls_0p50,0.8,97.50000000000001,1.0,0.9166666666666666,1.0,1.0,18.622708804899688,0.8330212244941684,,509.8412001463593,99.80386049622648,2721.4765625,5.337890625,5.6259765625,3277,4096,6.255709208668563,88.7728169853755,263.3946999994805
9f6064be516bea0ab11a79953144433607f85a0f_satellite.tif,fixed_mission_utility,0.8,100.0,1.0,1.0,1.0,1.0,17.664420468191135,0.8007977520206049,,531.3079918412757,99.81178525161377,2798.1875,5.2666015625,5.6533203125,3277,4096,6.178004599424254,88.71536369499549,272.9354000039166
9f6064be516bea0ab11a79953144433607f85a0f_satellite.tif,mask_supervised_cems_hls,0.8,99.74719524383548,1.0,1.0,0.9873597621917725,1.0,16.61110565764458,0.6938769081378309,,524.1163343698555,99.80920266467133,2798.1875,5.3388671875,5.6533203125,3277,4096,6.135749754035482,81.67984813344397,211.42169999802718
9f6064be516bea0ab11a79953144433607f85a0f_satellite.tif,hybrid_fixed_0p95_mask_supervised_cems_hls_0p05,0.8,100.0,1.0,1.0,1.0,1.0,17.669491879030865,0.8008947136273847,,531.5051010944167,99.81185505126085,2798.1875,5.2646484375,5.6533203125,3277,4096,6.178950047321536,88.71198385755781,260.8662999991793
9f6064be516bea0ab11a79953144433607f85a0f_satellite.tif,hybrid_fixed_0p50_mask_supervised_cems_hls_0p50,0.8,100.0,1.0,1.0,1.0,1.0,17.876905692581488,0.8017264057637706,,532.2950027865503,99.81213424984924,2798.1875,5.2568359375,5.6533203125,3277,4096,6.187236805397088,88.57142736218441,266.6354999964824
a24a35d33ede55ccf17192ef57cda48e2dd40a79_satellite.tif,fixed_mission_utility,0.8,100.0,1.0,1.0,1.0,1.0,18.55432155050277,0.8372964867756851,,525.3011363636364,99.80963300271489,2708.583984375,5.15625,5.423828125,3277,4096,6.131830316151752,88.59596035404786,292.3369999989518
a24a35d33ede55ccf17192ef57cda48e2dd40a79_satellite.tif,mask_supervised_cems_hls,0.8,100.0,1.0,1.0,1.0,1.0,17.8128508314665,0.7904731762802331,,517.5573801082292,99.80678470862672,2708.583984375,5.2333984375,5.423828125,3277,4096,6.088961449095506,84.2940432794531,236.81280000164406
a24a35d33ede55ccf17192ef57cda48e2dd40a79_satellite.tif,hybrid_fixed_0p95_mask_supervised_cems_hls_0p05,0.8,100.0,1.0,1.0,1.0,1.0,18.55231530013532,0.8371826698850972,,525.3011363636364,99.80963300271489,2708.583984375,5.15625,5.423828125,3277,4096,6.131314996848759,88.60166537154544,281.58869999606395
a24a35d33ede55ccf17192ef57cda48e2dd40a79_satellite.tif,hybrid_fixed_0p50_mask_supervised_cems_hls_0p50,0.8,100.0,1.0,1.0,1.0,1.0,18.423539586357254,0.8350607375648893,,525.9984828370947,99.80988538320372,2708.583984375,5.1494140625,5.423828125,3277,4096,6.130800689327923,88.43827396074687,266.3514999949257
a38823d829c487d7db84445f3bd013bb5318b987_satellite.tif,fixed_mission_utility,0.8,98.6494600772858,1.0,1.0,0.9324730038642883,1.0,14.326572040198549,0.7970665429864682,,501.0191780821918,99.8004068419441,2678.7890625,5.3466796875,5.6884765625,3277,4096,6.394717466394796,86.66258611293885,268.23940000031143
a38823d829c487d7db84445f3bd013bb5318b987_satellite.tif,mask_supervised_cems_hls,0.8,91.94993376731874,0.9312087297439575,1.0,0.7350792288780212,1.0,13.813733018013366,0.7439369783432191,,493.6260572251215,99.79741750149466,2678.7890625,5.4267578125,5.6884765625,3277,4096,6.329784568008279,82.80971057562402,226.50199999770848
a38823d829c487d7db84445f3bd013bb5318b987_satellite.tif,hybrid_fixed_0p95_mask_supervised_cems_hls_0p05,0.8,98.67221713066104,1.0,1.0,0.9336108565330505,1.0,14.321538669466138,0.7959356906830815,,500.2881634141893,99.80011519897342,2678.7890625,5.3544921875,5.6884765625,3277,4096,6.395854308573192,86.67426645291282,263.29360000090674
a38823d829c487d7db84445f3bd013bb5318b987_satellite.tif,hybrid_fixed_0p50_mask_supervised_cems_hls_0p50,0.8,98.68560433387759,1.0,1.0,0.9342802166938782,1.0,14.257929417291894,0.7895166715832996,,505.264321237797,99.80208378902547,2678.7890625,5.3017578125,5.6884765625,3277,4096,6.386771626462995,86.67176671950844,263.2186999981059
a3e250442e358160a8349e98c624ce89d80b4aa9_satellite.tif,fixed_mission_utility,0.8,100.0,1.0,1.0,1.0,1.0,17.207450766834683,0.8141121363308248,,511.70016207455427,99.80457305388653,2774.8740234375,5.4228515625,5.7578125,3277,4096,6.328457262465173,87.23429772964921,260.074199999508
a3e250442e358160a8349e98c624ce89d80b4aa9_satellite.tif,mask_supervised_cems_hls,0.8,100.0,1.0,1.0,1.0,1.0,16.885885801751645,0.7726157669798048,,506.05004452359753,99.80239108546243,2774.8740234375,5.4833984375,5.7578125,3277,4096,6.321740594324827,81.78603778520517,216.06189999874914
a3e250442e358160a8349e98c624ce89d80b4aa9_satellite.tif,hybrid_fixed_0p95_mask_supervised_cems_hls_0p05,0.8,100.0,1.0,1.0,1.0,1.0,17.272967172397188,0.8153819349516457,,512.5308441558442,99.80488979123841,2774.8740234375,5.4140625,5.7578125,3277,4096,6.330746974960043,87.23894404190602,263.6560000028112
a3e250442e358160a8349e98c624ce89d80b4aa9_satellite.tif,hybrid_fixed_0p50_mask_supervised_cems_hls_0p50,0.8,100.0,1.0,1.0,1.0,1.0,17.388001727254835,0.8187447123249808,,516.1618528610354,99.80626231976325,2774.8740234375,5.3759765625,5.7578125,3277,4096,6.327645479622001,87.12689241394274,254.9494999984745
a5500a02ce92270e2f0d52c4611a1cd02d25a2ad_satellite.tif,fixed_mission_utility,0.8,99.77425813674928,1.0,1.0,0.9887129068374634,1.0,18.317441529213415,0.779206753948028,,554.6744096755615,99.81971405520855,2821.5810546875,5.0869140625,5.44140625,3277,4096,5.931830530425489,88.28530169580074,263.9564000055543
a5500a02ce92270e2f0d52c4611a1cd02d25a2ad_satellite.tif,mask_supervised_cems_hls,0.8,95.04498720169067,0.9405059814453125,1.0,0.9376436471939087,0.8671875,17.44073352139573,0.7020546134086564,,541.1685708934257,99.8152146939448,2821.5810546875,5.2138671875,5.44140625,3277,4096,5.9014347599273345,80.86729172618584,231.81399999884889
a5500a02ce92270e2f0d52c4611a1cd02d25a2ad_satellite.tif,hybrid_fixed_0p95_mask_supervised_cems_hls_0p05,0.8,99.76869344711305,1.0,1.0,0.9884346723556519,1.0,18.31880792742244,0.7792682997524655,,554.7809139784946,99.81974866567981,2821.5810546875,5.0859375,5.44140625,3277,4096,5.931649492000238,88.29729905071798,276.9230999983847
a5500a02ce92270e2f0d52c4611a1cd02d25a2ad_satellite.tif,hybrid_fixed_0p50_mask_supervised_cems_hls_0p50,0.8,100.0,1.0,1.0,1.0,1.0,18.468171332083195,0.7802085361437698,,557.7797297297298,99.82071775887508,2821.5810546875,5.05859375,5.44140625,3277,4096,5.942295342817383,88.19805500699053,268.3067999969353
a86aaf08d403cce1b9a2792c0a99bbb0fd198ae9_satellite.tif,fixed_mission_utility,0.8,82.82649159431459,0.716231107711792,1.0,0.7088623642921448,1.0,21.348893800967097,0.9232631046679141,,592.0311045799657,99.83108995587158,2360.6083984375,3.9873046875,3.6962890625,3277,4096,5.335850161271347,88.63670705716689,254.41419999697246
a86aaf08d403cce1b9a2792c0a99bbb0fd198ae9_satellite.tif,mask_supervised_cems_hls,0.8,86.18764853786112,0.7757434844970703,1.0,0.7611317038536072,0.9935275080906149,21.119231683608156,0.9187994438655166,,591.0178484107579,99.83080037215645,2360.6083984375,3.994140625,3.6962890625,3277,4096,5.30871719071847,85.39843488963696,211.8317999993451
a86aaf08d403cce1b9a2792c0a99bbb0fd198ae9_satellite.tif,hybrid_fixed_0p95_mask_supervised_cems_hls_0p05,0.8,82.82803416252136,0.7162898778915405,1.0,0.7088219523429871,1.0,21.354666324108354,0.9233835092306922,,590.8733805915424,99.83075900305428,2360.6083984375,3.9951171875,3.6962890625,3277,4096,5.335645916530524,88.63221760519389,265.3262000021641
a86aaf08d403cce1b9a2792c0a99bbb0fd198ae9_satellite.tif,hybrid_fixed_0p50_mask_supervised_cems_hls_0p50,0.8,83.06697010993959,0.720919668674469,1.0,0.7115091681480408,1.0,21.18526315160537,0.9204765332970354,,593.0478410206084,99.83137953958672,2360.6083984375,3.98046875,3.6962890625,3277,4096,5.322717638005602,88.61969613958779,259.0030999999726
b2269e286017810a806a746e9b0f930231fcdf60_satellite.tif,fixed_mission_utility,0.8,100.0,1.0,1.0,1.0,1.0,17.6711940763063,0.7880076896038973,,497.7303895171423,99.79908801611046,2707.8671875,5.4404296875,5.693359375,3277,4096,6.2442859557388335,88.32016623928574,252.6843999949051
b2269e286017810a806a746e9b0f930231fcdf60_satellite.tif,mask_supervised_cems_hls,0.8,100.0,1.0,1.0,1.0,1.0,17.404907241859817,0.7448120884001508,,498.2670260557053,99.79930439950722,2707.8671875,5.4345703125,5.693359375,3277,4096,6.181763350215422,83.90536593434368,208.423899995978
b2269e286017810a806a746e9b0f930231fcdf60_satellite.tif,hybrid_fixed_0p95_mask_supervised_cems_hls_0p05,0.8,100.0,1.0,1.0,1.0,1.0,17.59852982571189,0.7875050413263536,,497.8197486535009,99.79912408000993,2707.8671875,5.439453125,5.693359375,3277,4096,6.245379089721371,88.32510003496168,266.33659999788506
b2269e286017810a806a746e9b0f930231fcdf60_satellite.tif,hybrid_fixed_0p50_mask_supervised_cems_hls_0p50,0.8,100.0,1.0,1.0,1.0,1.0,17.884608160011975,0.7865980024639769,,498.80482101097317,99.79952078290398,2707.8671875,5.4287109375,5.693359375,3277,4096,6.235983164340771,88.17671258746537,271.56939999986207
b2eea3438d2df6327ba3833522f71dbd38333a95_satellite.tif,fixed_mission_utility,0.8,97.7992582321167,0.9905138611793518,1.0,0.9602047204971313,0.8974609375,21.91336480437997,0.8975348860393867,,614.4441840647635,99.83725128727158,2816.6025390625,4.583984375,4.73828125,3277,4096,5.433276186189482,88.0555422585704,263.515800004825
b2eea3438d2df6327ba3833522f71dbd38333a95_satellite.tif,mask_supervised_cems_hls,0.8,93.92204284667972,0.9483777284622192,1.0,0.9219052791595459,0.7548828125,21.001806734136345,0.8678511348535323,,601.6272423863162,99.83378412253515,2816.6025390625,4.681640625,4.73828125,3277,4096,5.39858553215651,83.54606052533266,220.36880000086967
b2eea3438d2df6327ba3833522f71dbd38333a95_satellite.tif,hybrid_fixed_0p95_mask_supervised_cems_hls_0p05,0.8,97.80238509178163,0.990393340587616,1.0,0.9601138234138489,0.8984375,21.912831658434353,0.897513197193954,,614.8371349392454,99.83735530221368,2816.6025390625,4.5810546875,4.73828125,3277,4096,5.432760796210475,88.06118119200418,264.68360000581015
b2eea3438d2df6327ba3833522f71dbd38333a95_satellite.tif,hybrid_fixed_0p50_mask_supervised_cems_hls_0p50,0.8,97.39098191261293,0.9852277636528015,1.0,0.9552459120750427,0.8876953125,21.868355944109865,0.8957965904641175,,615.2305887372014,99.83745931715578,2816.6025390625,4.578125,4.73828125,3277,4096,5.441300058237806,87.97975811512113,284.8045000064303
b6aa618965be8a3839cf1cd5e7dec1f03091eb4e_satellite.tif,fixed_mission_utility,0.8,98.98988008499147,0.9856880903244019,1.0,0.982024073600769,0.9921875,23.958338296994608,0.9804393426752739,,605.0607655502392,99.83472734360976,2469.876953125,4.08203125,3.7099609375,3277,4096,5.130879167060896,99.71995294431373,233.88390000036452
b6aa618965be8a3839cf1cd5e7dec1f03091eb4e_satellite.tif,mask_supervised_cems_hls,0.8,98.56832861900331,0.9808648824691772,1.0,0.9774288535118103,0.978515625,23.806058519041873,0.9795624109598888,,611.2020299661672,99.83638797795626,2469.876953125,4.041015625,3.7099609375,3277,4096,5.047384705335192,99.46457065274562,198.14210000185994
b6aa618965be8a3839cf1cd5e7dec1f03091eb4e_satellite.tif,hybrid_fixed_0p95_mask_supervised_cems_hls_0p05,0.8,98.98171305656435,0.9857123494148254,1.0,0.9820554852485657,0.9912109375,23.963426505817836,0.9804579005187651,,606.5117505995204,99.83512273273988,2469.876953125,4.072265625,3.7099609375,3277,4096,5.131415962750077,99.71879147188396,239.91949999617646
b6aa618965be8a3839cf1cd5e7dec1f03091eb4e_satellite.tif,hybrid_fixed_0p50_mask_supervised_cems_hls_0p50,0.8,98.95728230476381,0.9851183295249939,1.0,0.9815337061882019,0.9921875,23.95960689653444,0.9804382358638021,,605.9305222807858,99.83496457708783,2469.876953125,4.076171875,3.7099609375,3277,4096,5.109903977547366,99.71984907279563,241.76969999825815
bba2527e0cafc1ef41066c6b33c9370f3a97c539_satellite.tif,fixed_mission_utility,0.8,100.0,1.0,1.0,1.0,1.0,17.66858759200948,0.7621425483101582,,507.337450054486,99.80289253239779,2727.9296875,5.376953125,5.630859375,3277,4096,6.210641402447983,88.34737273061745,262.81489999382757
bba2527e0cafc1ef41066c6b33c9370f3a97c539_satellite.tif,mask_supervised_cems_hls,0.8,100.0,1.0,1.0,1.0,1.0,17.253051057826607,0.729004369286555,,504.31485827766744,99.80171117634424,2727.9296875,5.4091796875,5.630859375,3277,4096,6.172276559650934,84.80808728595423,212.25549999508075
bba2527e0cafc1ef41066c6b33c9370f3a97c539_satellite.tif,hybrid_fixed_0p95_mask_supervised_cems_hls_0p05,0.8,100.0,1.0,1.0,1.0,1.0,17.66254713286172,0.7620150217321591,,506.6932704516597,99.80264194171977,2727.9296875,5.3837890625,5.630859375,3277,4096,6.209029854896842,88.33494005260648,266.9155000039609
bba2527e0cafc1ef41066c6b33c9370f3a97c539_satellite.tif,hybrid_fixed_0p50_mask_supervised_cems_hls_0p50,0.8,100.0,1.0,1.0,1.0,1.0,17.758806323337367,0.7582450148377924,,508.7233655071936,99.80342951242214,2727.9296875,5.3623046875,5.630859375,3277,4096,6.213607699500086,88.09259550617146,267.6004000022658
bbb59e192500b1795ef4aea92aa643d5aa9b90b6_satellite.tif,fixed_mission_utility,0.8,90.376273393631,0.8591846823692322,1.0,0.8551318049430847,0.890625,16.15767532459236,0.7586281446877116,,539.9715728445857,99.81480506562004,2819.55859375,5.2216796875,5.509765625,3277,4096,6.4742523731112644,90.16153569980293,268.18469999852823
bbb59e192500b1795ef4aea92aa643d5aa9b90b6_satellite.tif,mask_supervised_cems_hls,0.8,83.09331297874452,0.7710598707199097,1.0,0.767331063747406,0.6904296875,14.083277379678531,0.6448208302334314,,526.5781506474558,99.81009466519444,2819.55859375,5.3544921875,5.509765625,3277,4096,6.438387947019447,84.70151582855279,216.05779999663355
bbb59e192500b1795ef4aea92aa643d5aa9b90b6_satellite.tif,hybrid_fixed_0p95_mask_supervised_cems_hls_0p05,0.8,90.31811356544497,0.8589287400245667,1.0,0.854688823223114,0.88671875,16.165917020957902,0.7586311126198039,,540.0725776281332,99.81483970091728,2819.55859375,5.220703125,5.509765625,3277,4096,6.475662671043663,90.1872949270627,260.63109999813605
bbb59e192500b1795ef4aea92aa643d5aa9b90b6_satellite.tif,hybrid_fixed_0p50_mask_supervised_cems_hls_0p50,0.8,92.26212859153749,0.8819468021392822,1.0,0.8760682940483093,0.9462890625,16.244305448748115,0.764265505090909,,540.6794007490637,99.81504751270076,2819.55859375,5.21484375,5.509765625,3277,4096,6.474415855488672,90.05937052563246,256.81900000199676
c20be6dcd2a49bf3467b2abc85da310d9dd76f4c_satellite.tif,fixed_mission_utility,0.8,99.97471570968631,1.0,1.0,0.998735785484314,1.0,18.959121666380984,0.8451061515683239,,556.3936830231246,99.82027114424329,2890.095703125,5.1943359375,5.3876953125,3277,4096,6.028795600774393,91.53882679642466,271.7943999959971
c20be6dcd2a49bf3467b2abc85da310d9dd76f4c_satellite.tif,mask_supervised_cems_hls,0.8,99.07377362251283,0.9850941300392151,1.0,0.9835004210472107,1.0,18.562346537403986,0.8333400125428476,,553.8944413250982,99.81946018493927,2890.095703125,5.2177734375,5.3876953125,3277,4096,5.987226001988317,89.9542084965485,228.81019999476848
c20be6dcd2a49bf3467b2abc85da310d9dd76f4c_satellite.tif,hybrid_fixed_0p95_mask_supervised_cems_hls_0p05,0.8,99.9670970439911,1.0,1.0,0.9983548521995544,1.0,18.959170362065333,0.8451252587756984,,556.6029716005266,99.8203387241853,2890.095703125,5.1923828125,5.3876953125,3277,4096,6.029079760408505,91.54094671322507,264.74079999752576
c20be6dcd2a49bf3467b2abc85da310d9dd76f4c_satellite.tif,hybrid_fixed_0p50_mask_supervised_cems_hls_0p50,0.8,99.61369037628175,0.9941598773002625,1.0,0.992364764213562,1.0,18.951393296687854,0.8450618378094289,,557.2317830916965,99.82054146401131,2890.095703125,5.1865234375,5.3876953125,3277,4096,6.033153744453352,91.45996719201153,259.44250000611646
c545f385c6f57c9aeb96ea16ad30cee12e4172d8_satellite.tif,fixed_mission_utility,0.8,100.0,1.0,1.0,1.0,1.0,18.246920487713243,0.8043718355431297,,537.0494567253653,99.81379740962825,2799.580078125,5.212890625,5.5,3277,4096,6.204437460083979,89.42307559368427,265.8796000032453
c545f385c6f57c9aeb96ea16ad30cee12e4172d8_satellite.tif,mask_supervised_cems_hls,0.8,100.0,1.0,1.0,1.0,1.0,17.480960574280452,0.7395948688435511,,529.4127423822715,99.81111145993574,2799.580078125,5.2880859375,5.5,3277,4096,6.14513923621379,84.44899686496342,225.59029999683844
c545f385c6f57c9aeb96ea16ad30cee12e4172d8_satellite.tif,hybrid_fixed_0p95_mask_supervised_cems_hls_0p05,0.8,100.0,1.0,1.0,1.0,1.0,18.249406145781087,0.8043430172485023,,536.5468837731612,99.81362299731056,2799.580078125,5.2177734375,5.5,3277,4096,6.206339601763099,89.42513059300745,268.59390000026906
c545f385c6f57c9aeb96ea16ad30cee12e4172d8_satellite.tif,hybrid_fixed_0p50_mask_supervised_cems_hls_0p50,0.8,100.0,1.0,1.0,1.0,1.0,18.46579450957137,0.8026715532545182,,536.7478000374462,99.81369276223764,2799.580078125,5.2158203125,5.5,3277,4096,6.2068090094504775,89.17148586003356,265.2632999961497
cd2c920dfb366d5fe30accdd58a36b40667f40e6_satellite.tif,fixed_mission_utility,0.8,96.8421052631579,1.0,0.8947368421052632,1.0,1.0,20.608426354065305,0.8777651800598499,,544.3591012947448,99.81629773478178,2791.966796875,5.12890625,5.4013671875,3277,4096,5.961907527522504,90.5272835680174,275.21729999716626
cd2c920dfb366d5fe30accdd58a36b40667f40e6_satellite.tif,mask_supervised_cems_hls,0.8,91.31578947368423,1.0,0.7105263157894737,1.0,1.0,20.59941738408726,0.8575897612847795,,539.2255752546209,99.81454885563842,2791.966796875,5.177734375,5.4013671875,3277,4096,5.921076374477558,87.29771685967935,221.94000000308733
cd2c920dfb366d5fe30accdd58a36b40667f40e6_satellite.tif,hybrid_fixed_0p95_mask_supervised_cems_hls_0p05,0.8,96.05263157894738,1.0,0.868421052631579,1.0,1.0,20.643598019062498,0.8782722822687407,,544.0483349191246,99.81619280203317,2791.966796875,5.1318359375,5.4013671875,3277,4096,5.964203061294776,90.5282973677324,272.6311000005808
cd2c920dfb366d5fe30accdd58a36b40667f40e6_satellite.tif,hybrid_fixed_0p50_mask_supervised_cems_hls_0p50,0.8,95.26315789473685,1.0,0.8421052631578947,1.0,1.0,20.832539543817305,0.8794477854675699,,542.6027709242741,99.81570311587303,2791.966796875,5.1455078125,5.4013671875,3277,4096,5.97259614717137,90.44451949378445,265.0086000066949
dbb36fb32d7e1400561073e02becc2186fbb10db_satellite.tif,fixed_mission_utility,0.8,100.0,1.0,1.0,1.0,1.0,19.74651413327917,0.8890739944686945,,515.9810115026474,99.80619441845587,2759.79296875,5.3486328125,5.60546875,3277,4096,6.262610961468862,90.29857151062029,264.1146000023582
dbb36fb32d7e1400561073e02becc2186fbb10db_satellite.tif,mask_supervised_cems_hls,0.8,100.0,1.0,1.0,1.0,1.0,18.457143625597407,0.8492353477683426,,511.40571842200507,99.80446053613056,2759.79296875,5.396484375,5.60546875,3277,4096,6.196592165779052,86.6772926484612,212.68289999716217
dbb36fb32d7e1400561073e02becc2186fbb10db_satellite.tif,hybrid_fixed_0p95_mask_supervised_cems_hls_0p05,0.8,100.0,1.0,1.0,1.0,1.0,19.76697981195324,0.8891812232661711,,515.5103976650857,99.80601749168798,2759.79296875,5.353515625,5.60546875,3277,4096,6.263207640817809,90.28807243355786,274.7400000007474
dbb36fb32d7e1400561073e02becc2186fbb10db_satellite.tif,hybrid_fixed_0p50_mask_supervised_cems_hls_0p50,0.8,100.0,1.0,1.0,1.0,1.0,19.711316208660794,0.8875434952079834,,514.9467930029155,99.80580517956652,2759.79296875,5.359375,5.60546875,3277,4096,6.257000689146345,90.08720971687293,275.8728999979212
e0ffbc199e91b323c4e1c87a8b3da100d6a8c512_satellite.tif,fixed_mission_utility,0.8,99.97070312500003,1.0,1.0,1.0,0.9970703125,16.948856664670107,0.7979804993837388,,548.091619047619,99.81754875184232,2810.0400390625,5.126953125,5.515625,3277,4096,6.013088889512339,87.87617656029589,282.7296999967075
e0ffbc199e91b323c4e1c87a8b3da100d6a8c512_satellite.tif,mask_supervised_cems_hls,0.8,99.35428500175477,0.9943240284919739,1.0,0.9790661931037903,1.0,17.303499915181625,0.7467978922107298,,528.7543182653436,99.81087624905255,2810.0400390625,5.314453125,5.515625,3277,4096,6.104225444538845,80.98527332125715,213.91139999468578
e0ffbc199e91b323c4e1c87a8b3da100d6a8c512_satellite.tif,hybrid_fixed_0p95_mask_supervised_cems_hls_0p05,0.8,99.17968750000003,1.0,1.0,1.0,0.91796875,16.948932394275555,0.7979887067094028,,548.3004954268292,99.81761825707972,2810.0400390625,5.125,5.515625,3277,4096,6.012214056503062,87.88128937824804,266.7610999997123
e0ffbc199e91b323c4e1c87a8b3da100d6a8c512_satellite.tif,hybrid_fixed_0p50_mask_supervised_cems_hls_0p50,0.8,100.0,1.0,1.0,1.0,1.0,16.998438159075675,0.7967529805799969,,551.3471929488408,99.81862608302193,2810.0400390625,5.0966796875,5.515625,3277,4096,6.01520114551715,87.79965080041066,279.9486999938381
e1c9d0ab2de5daa9ccfe3f2a773c6c7047f45e6e_satellite.tif,fixed_mission_utility,0.8,96.92307692307693,1.0,0.8974358974358975,1.0,1.0,19.11498404187818,0.8669195813895445,,548.6619958341223,99.81773842409484,2829.57421875,5.1572265625,5.5087890625,3277,4096,6.043461132866261,90.24871055889186,267.8081999983988
e1c9d0ab2de5daa9ccfe3f2a773c6c7047f45e6e_satellite.tif,mask_supervised_cems_hls,0.8,97.40910456730771,1.0,0.9230769230769231,1.0,0.9716796875,19.280954569655268,0.8431012474224225,,535.8764564453486,99.81338982372293,2829.57421875,5.2802734375,5.5087890625,3277,4096,6.017313219069264,84.9330654920109,221.51499999745283
e1c9d0ab2de5daa9ccfe3f2a773c6c7047f45e6e_satellite.tif,hybrid_fixed_0p95_mask_supervised_cems_hls_0p05,0.8,96.15384615384616,1.0,0.8717948717948718,1.0,1.0,19.15282269818337,0.8670089691294679,,547.6250236250236,99.8173932970812,2829.57421875,5.1669921875,5.5087890625,3277,4096,6.044644483668787,90.24954219913478,269.5146000041859
e1c9d0ab2de5daa9ccfe3f2a773c6c7047f45e6e_satellite.tif,hybrid_fixed_0p50_mask_supervised_cems_hls_0p50,0.8,99.23076923076924,1.0,0.9743589743589743,1.0,1.0,19.39451661930388,0.8676048336838865,,547.418099376535,99.81732427167846,2829.57421875,5.1689453125,5.5087890625,3277,4096,6.050322106276422,90.13688342705045,277.2095000036643
e232e12223ff10924316844aa1f38f7cd14934e8_satellite.tif,fixed_mission_utility,0.8,98.59339276694027,0.9854226112365723,1.0,0.9757054448127747,0.9662379421221865,24.69764006566254,0.9782368074697585,,598.9483465427712,99.8330406944485,2140.1875,3.5732421875,3.234375,3277,4096,4.797852646065302,99.82941852414906,232.37240000162274
e232e12223ff10924316844aa1f38f7cd14934e8_satellite.tif,mask_supervised_cems_hls,0.8,97.6333537707375,0.971781313419342,1.0,0.9630246758460999,0.9501607717041801,24.476487966639993,0.9762110212641587,,598.2942942942943,99.83285817539351,2140.1875,3.5771484375,3.234375,3277,4096,4.660270850046285,99.44789802621142,182.5615000052494
e232e12223ff10924316844aa1f38f7cd14934e8_satellite.tif,hybrid_fixed_0p95_mask_supervised_cems_hls_0p05,0.8,98.55914989851681,0.9848370552062988,1.0,0.9751644134521484,0.9662379421221865,24.689802723783927,0.9781522576659241,,600.4252054794521,99.83345136232222,2140.1875,3.564453125,3.234375,3277,4096,4.793243056150585,99.82707946832625,230.72010000032606
e232e12223ff10924316844aa1f38f7cd14934e8_satellite.tif,hybrid_fixed_0p50_mask_supervised_cems_hls_0p50,0.8,98.29889989742514,0.981269896030426,1.0,0.9716978073120117,0.9614147909967846,24.619941326728277,0.9774112638151463,,598.4576734025123,99.83290380515726,2140.1875,3.576171875,3.234375,3277,4096,4.768334125326084,99.81090394331599,221.38039999845205
e37cbff1ce9ca0e134502034f699980ab16a69dc_satellite.tif,fixed_mission_utility,0.8,81.35080764911794,0.802902102470398,1.0,0.793217658996582,0.337037037037037,23.52231607759768,0.9433246146313794,,672.5094964664311,99.85130321500971,2973.7529296875,4.421875,4.4453125,3277,4096,5.026003950653933,91.42731299603633,302.38030000327853
e37cbff1ce9ca0e134502034f699980ab16a69dc_satellite.tif,mask_supervised_cems_hls,0.8,80.04730313795586,0.7817301750183105,1.0,0.7740899920463562,0.3296296296296296,23.57758833820369,0.944104109754344,,661.4081233709818,99.84880742091534,2973.7529296875,4.49609375,4.4453125,3277,4096,5.037739757555507,89.34784155684767,244.57299999630777
e37cbff1ce9ca0e134502034f699980ab16a69dc_satellite.tif,hybrid_fixed_0p95_mask_supervised_cems_hls_0p05,0.8,81.36143909854655,0.8028690218925476,1.0,0.7931981086730957,0.33827160493827163,23.527199991721407,0.943410083528498,,670.4365918097755,99.850843463466,2973.7529296875,4.435546875,4.4453125,3277,4096,5.027177147842094,91.40170442959591,280.82630000426434
e37cbff1ce9ca0e134502034f699980ab16a69dc_satellite.tif,hybrid_fixed_0p50_mask_supervised_cems_hls_0p50,0.8,81.07682509481172,0.7991134524345398,1.0,0.7895649671554565,0.33209876543209876,23.56969878957677,0.9439845932878619,,668.376426690079,99.8503837119223,2973.7529296875,4.44921875,4.4453125,3277,4096,5.034869358372145,91.21799288193542,282.01009999611415
e9794c09510b308140d8677d20ddc6d8cf1de2ff_satellite.tif,fixed_mission_utility,0.8,100.0,1.0,1.0,1.0,1.0,15.795909296507102,0.7012277495477335,,510.35052289938693,99.80405624073454,2764.06640625,5.416015625,5.783203125,3277,4096,6.380905066732324,87.54928046643735,275.58410000347067
e9794c09510b308140d8677d20ddc6d8cf1de2ff_satellite.tif,mask_supervised_cems_hls,0.8,100.0,1.0,1.0,1.0,1.0,15.71089665149971,0.6586239835439425,,502.111761575306,99.80084115200516,2764.06640625,5.5048828125,5.783203125,3277,4096,6.36218840692913,82.26334654540702,219.40750000067055
e9794c09510b308140d8677d20ddc6d8cf1de2ff_satellite.tif,hybrid_fixed_0p95_mask_supervised_cems_hls_0p05,0.8,100.0,1.0,1.0,1.0,1.0,15.79284116504455,0.7011054985637796,,510.44256086564474,99.80409157137991,2764.06640625,5.4150390625,5.783203125,3277,4096,6.380786518668012,87.56241115952609,264.62399999581976
e9794c09510b308140d8677d20ddc6d8cf1de2ff_satellite.tif,hybrid_fixed_0p50_mask_supervised_cems_hls_0p50,0.8,100.0,1.0,1.0,1.0,1.0,15.922745938353795,0.6982002320483941,,510.62673642431895,99.80416223267066,2764.06640625,5.4130859375,5.783203125,3277,4096,6.384762536195155,87.40581811774712,262.48990000021877
ee786948f05e7a1d72102bc58f8eef62019c3015_satellite.tif,fixed_mission_utility,0.8,100.0,1.0,1.0,1.0,1.0,17.81106435386883,0.8897186828227945,,574.4607723577236,99.82592371000447,2760.1044921875,4.8046875,5.27734375,3277,4096,5.778090550775691,89.2403757242452,281.67950000351993
ee786948f05e7a1d72102bc58f8eef62019c3015_satellite.tif,mask_supervised_cems_hls,0.8,100.0,1.0,1.0,1.0,1.0,20.483568807199166,0.8732220861694351,,547.2114230396902,99.81725527686444,2760.1044921875,5.0439453125,5.27734375,3277,4096,5.8355548442954195,82.44229440336795,231.74660000222502
ee786948f05e7a1d72102bc58f8eef62019c3015_satellite.tif,hybrid_fixed_0p95_mask_supervised_cems_hls_0p05,0.8,100.0,1.0,1.0,1.0,1.0,17.817441366474043,0.8897164914113073,,574.3440357650884,99.82588832864472,2760.1044921875,4.8056640625,5.27734375,3277,4096,5.7782166445828365,89.24147391723662,280.0301999959629
ee786948f05e7a1d72102bc58f8eef62019c3015_satellite.tif,hybrid_fixed_0p50_mask_supervised_cems_hls_0p50,0.8,100.0,1.0,1.0,1.0,1.0,17.92792467814888,0.8905800410922995,,575.0451678535096,99.82610061680325,2760.1044921875,4.7998046875,5.27734375,3277,4096,5.791468029723818,89.12387313632728,275.6412999951863
f45c4f3d8284361adb2af0752cf48ea4ffaf57c3_satellite.tif,fixed_mission_utility,0.8,100.0,1.0,1.0,1.0,1.0,18.197581753493925,0.8040993737101262,,500.52321589882564,99.80020906758456,2705.46484375,5.4052734375,5.63671875,3277,4096,6.2265537889940585,88.30740824046815,273.7732999958098
f45c4f3d8284361adb2af0752cf48ea4ffaf57c3_satellite.tif,mask_supervised_cems_hls,0.8,100.0,1.0,1.0,1.0,1.0,17.800438889483924,0.7720714050577113,,498.00395470070106,99.79919838174759,2705.46484375,5.4326171875,5.63671875,3277,4096,6.144194683084075,84.7102074356519,220.5208999948809
f45c4f3d8284361adb2af0752cf48ea4ffaf57c3_satellite.tif,hybrid_fixed_0p95_mask_supervised_cems_hls_0p05,0.8,100.0,1.0,1.0,1.0,1.0,18.197737731463516,0.8038926548861481,,499.7106782106782,99.79988420427982,2705.46484375,5.4140625,5.63671875,3277,4096,6.224858788719512,88.29955034314281,276.39880000060657
f45c4f3d8284361adb2af0752cf48ea4ffaf57c3_satellite.tif,hybrid_fixed_0p50_mask_supervised_cems_hls_0p50,0.8,100.0,1.0,1.0,1.0,1.0,18.251392668452894,0.8025855115827532,,499.98123082476087,99.79999249204808,2705.46484375,5.4111328125,5.63671875,3277,4096,6.219908868131162,88.19064110239746,280.15249999589287
f7c2fa0a6f9678f24010b68c9d8c12a95c40167e_satellite.tif,fixed_mission_utility,0.8,100.0,1.0,1.0,1.0,1.0,24.766134279783998,0.9805321589859903,,663.6702539819199,99.84932276322463,3011.14453125,4.537109375,4.42578125,3277,4096,5.341413894202078,93.51452288974487,279.6595000036177
f7c2fa0a6f9678f24010b68c9d8c12a95c40167e_satellite.tif,mask_supervised_cems_hls,0.8,100.0,1.0,1.0,1.0,1.0,24.753122207808076,0.9806972140787638,,653.2652542372881,99.8469228244555,3011.14453125,4.609375,4.42578125,3277,4096,5.249738797835783,92.80019592271418,232.07469999761088
f7c2fa0a6f9678f24010b68c9d8c12a95c40167e_satellite.tif,hybrid_fixed_0p95_mask_supervised_cems_hls_0p05,0.8,100.0,1.0,1.0,1.0,1.0,24.764856730684954,0.9805239466052919,,662.6718246292714,99.84909574198971,3011.14453125,4.5439453125,4.42578125,3277,4096,5.33910209880628,93.4975608739901,270.1989999986836
f7c2fa0a6f9678f24010b68c9d8c12a95c40167e_satellite.tif,hybrid_fixed_0p50_mask_supervised_cems_hls_0p50,0.8,100.0,1.0,1.0,1.0,1.0,24.763601965914525,0.9805680751736112,,659.1303976058144,99.84828495186501,3011.14453125,4.568359375,4.42578125,3277,4096,5.328537929148208,93.4212275689409,267.50840000022436
fcd311291862e0104f3c1f6538387d270ab05a92_satellite.tif,fixed_mission_utility,0.8,92.08519702865966,0.8784863948822021,1.0,0.86216801404953,0.9702380952380952,20.587242105209675,0.8886759030080161,,568.4464982542617,99.8240819491243,2702.896484375,4.7548828125,4.7978515625,3277,4096,5.9578865251762725,89.0351199151981,275.0288000024739
fcd311291862e0104f3c1f6538387d270ab05a92_satellite.tif,mask_supervised_cems_hls,0.8,79.26807880401614,0.6905799508094788,1.0,0.6759940385818481,0.8125,19.17971914951532,0.8546011618951234,,569.2649115590292,99.82433486067825,2702.896484375,4.748046875,4.7978515625,3277,4096,5.781222450389083,87.23898900225255,215.2092000033008
fcd311291862e0104f3c1f6538387d270ab05a92_satellite.tif,hybrid_fixed_0p95_mask_supervised_cems_hls_0p05,0.8,92.03920846893675,0.8776983022689819,1.0,0.8614447712898254,0.9702380952380952,20.581156606962686,0.8884959406385903,,567.8633565859664,99.82390129801435,2702.896484375,4.759765625,4.7978515625,3277,4096,5.9581474447326634,89.03773022393004,263.8042000035057
fcd311291862e0104f3c1f6538387d270ab05a92_satellite.tif,hybrid_fixed_0p50_mask_supervised_cems_hls_0p50,0.8,92.0775980608804,0.8819879293441772,1.0,0.8622254729270935,0.9553571428571429,20.660901518206344,0.8889963954737129,,567.8633565859664,99.82390129801435,2702.896484375,4.759765625,4.7978515625,3277,4096,5.9589834150338845,88.97239962899165,263.3757000003243
0002edb68d9af8bc9bc8bb8cdda82973102624c9_satellite.tif,fixed_mission_utility,0.8,100.0,1.0,1.0,1.0,1.0,16.98438261714881,0.7888079355293882,,548.8716881150643,99.81780805575266,2832.263671875,5.16015625,5.5498046875,3277,4096,6.124023925765114,91.66556174073949,274.8437999980524
0002edb68d9af8bc9bc8bb8cdda82973102624c9_satellite.tif,mask_supervised_cems_hls,0.8,100.0,1.0,1.0,1.0,1.0,17.93120751667439,0.804259916696998,,534.2121937741757,99.81280846606381,2832.263671875,5.3017578125,5.5498046875,3277,4096,6.120418018209104,87.77834122290702,229.72960000333842
0002edb68d9af8bc9bc8bb8cdda82973102624c9_satellite.tif,hybrid_fixed_0p95_mask_supervised_cems_hls_0p05,0.8,100.0,1.0,1.0,1.0,1.0,16.986020229784167,0.7888183639066575,,548.5602421032722,99.817704615966,2832.263671875,5.1630859375,5.5498046875,3277,4096,6.124050775417267,91.66547275341651,284.38289999758126
0002edb68d9af8bc9bc8bb8cdda82973102624c9_satellite.tif,hybrid_fixed_0p50_mask_supervised_cems_hls_0p50,0.8,100.0,1.0,1.0,1.0,1.0,17.138723923977064,0.7921384458421086,,548.4565052950076,99.81767013603711,2832.263671875,5.1640625,5.5498046875,3277,4096,6.131169454627355,91.53023744741644,274.41299999918556
12fc7d22d2cb791daee9fe0c366a3a15a4de146e_satellite.tif,fixed_mission_utility,0.8,100.0,1.0,1.0,1.0,1.0,22.966714373186598,0.9539623337497939,,783.5839394821065,99.87238125367132,2630.056640625,3.3564453125,3.0849609375,3277,4096,3.589743696039286,92.03202422355146,272.93740000459366
12fc7d22d2cb791daee9fe0c366a3a15a4de146e_satellite.tif,mask_supervised_cems_hls,0.8,100.0,1.0,1.0,1.0,1.0,22.75605985816646,0.9530699592786558,,769.6993426693341,99.87007914070291,2630.056640625,3.4169921875,3.0849609375,3277,4096,3.617656930747831,90.78473822368447,242.41349999647355
12fc7d22d2cb791daee9fe0c366a3a15a4de146e_satellite.tif,hybrid_fixed_0p95_mask_supervised_cems_hls_0p05,0.8,100.0,1.0,1.0,1.0,1.0,22.96873380731786,0.9540096087365761,,783.128234952021,99.87230699196266,2630.056640625,3.3583984375,3.0849609375,3277,4096,3.5919886316804996,92.01233085177549,285.30850000242935
12fc7d22d2cb791daee9fe0c366a3a15a4de146e_satellite.tif,hybrid_fixed_0p50_mask_supervised_cems_hls_0p50,0.8,100.0,1.0,1.0,1.0,1.0,22.99197872576134,0.954247510532514,,778.3751445086705,99.87152724402175,2630.056640625,3.37890625,3.0849609375,3277,4096,3.6050989873091996,91.8185267918269,273.56180000060704
1e6c99453521a4beb217d8eb2c53ebad436434f6_satellite.tif,fixed_mission_utility,0.8,96.66992187500003,1.0,1.0,1.0,0.6669921875,11.238603986020427,0.20370462263723305,,567.5535820011842,99.82380518215143,2808.392578125,4.9482421875,5.4267578125,3277,4096,5.873287945400319,91.15766539446624,280.42909999931
1e6c99453521a4beb217d8eb2c53ebad436434f6_satellite.tif,mask_supervised_cems_hls,0.8,100.0,1.0,1.0,1.0,1.0,13.344791369676898,0.49794121773809125,,545.0708870356331,99.816537624044,2808.392578125,5.15234375,5.4267578125,3277,4096,5.933577152341275,85.66711809262776,224.25509999447968
1e6c99453521a4beb217d8eb2c53ebad436434f6_satellite.tif,hybrid_fixed_0p95_mask_supervised_cems_hls_0p05,0.8,96.61132812500003,1.0,1.0,1.0,0.6611328125,11.235736134015921,0.2030493307241477,,568.0019751135691,99.82394427417263,2808.392578125,4.9443359375,5.4267578125,3277,4096,5.873613950373674,91.14477856244714,287.1632000023965
1e6c99453521a4beb217d8eb2c53ebad436434f6_satellite.tif,hybrid_fixed_0p50_mask_supervised_cems_hls_0p50,0.8,99.35546875000003,1.0,1.0,1.0,0.935546875,11.341332477008361,0.2111271606991396,,568.5634638196916,99.82411813919913,2808.392578125,4.939453125,5.4267578125,3277,4096,5.880072656893392,91.05270381276654,284.8823000022094
1fbfcd21a03cd291f0b13d6f8bc192e58fc3c624_satellite.tif,fixed_mission_utility,0.8,100.0,1.0,1.0,1.0,1.0,19.038499127979154,0.8660953921521111,,528.3251104565537,99.8107226061741,2802.599609375,5.3046875,5.6640625,3277,4096,6.295242908376801,87.61277578174395,267.06239999475656
1fbfcd21a03cd291f0b13d6f8bc192e58fc3c624_satellite.tif,mask_supervised_cems_hls,0.8,100.0,1.0,1.0,1.0,1.0,18.921072166206635,0.8522706119093522,,518.681004879812,99.80720327318875,2802.599609375,5.4033203125,5.6640625,3277,4096,6.232893057522379,82.40236671431711,223.0030999999144
1fbfcd21a03cd291f0b13d6f8bc192e58fc3c624_satellite.tif,hybrid_fixed_0p95_mask_supervised_cems_hls_0p05,0.8,98.8888888888889,1.0,0.9629629629629629,1.0,1.0,18.992486186693004,0.8657339680274868,,529.3971591957203,99.81110589986557,2802.599609375,5.2939453125,5.6640625,3277,4096,6.291872225998242,87.62322735770816,273.7515999979223
1fbfcd21a03cd291f0b13d6f8bc192e58fc3c624_satellite.tif,hybrid_fixed_0p50_mask_supervised_cems_hls_0p50,0.8,100.0,1.0,1.0,1.0,1.0,19.092729007446362,0.8698655217417814,,531.357526384003,99.81180279748642,2802.599609375,5.2744140625,5.6640625,3277,4096,6.28373445478429,87.59376866039354,280.8218999998644
5ccf4412cee9d0c397fa02241375f32ef5feeaa8_satellite.tif,fixed_mission_utility,0.8,100.0,1.0,1.0,1.0,1.0,18.93438780810811,0.8600713147588633,,580.7173573103987,99.82779918881167,2901.318359375,4.99609375,5.4296875,3277,4096,5.981983321742826,92.70033987206288,263.85819999995874
5ccf4412cee9d0c397fa02241375f32ef5feeaa8_satellite.tif,mask_supervised_cems_hls,0.8,100.0,1.0,1.0,1.0,1.0,18.62797644545526,0.832878803204529,,565.2492389649924,99.82308689139838,2901.318359375,5.1328125,5.4296875,3277,4096,6.006732380696439,89.14800172037319,220.15280000050552
5ccf4412cee9d0c397fa02241375f32ef5feeaa8_satellite.tif,hybrid_fixed_0p95_mask_supervised_cems_hls_0p05,0.8,100.0,1.0,1.0,1.0,1.0,18.939594532493604,0.860204178653762,,580.9444661712945,99.82786650734613,2901.318359375,4.994140625,5.4296875,3277,4096,5.981934925848458,92.70950506186728,267.13029999518767
5ccf4412cee9d0c397fa02241375f32ef5feeaa8_satellite.tif,hybrid_fixed_0p50_mask_supervised_cems_hls_0p50,0.8,100.0,1.0,1.0,1.0,1.0,18.956676126748356,0.8600075983672864,,582.8820875024525,99.82843871488917,2901.318359375,4.9775390625,5.4296875,3277,4096,5.984801932506979,92.62245811284718,280.7175999987521
