dataset,checkpoint,image,semantic_utility_score,detector_retention,object_retention,relevance_retention,region_preservation,psnr,ssim,lpips,compression_ratio,bandwidth_saved_percent,semantic_token_count,total_token_count,inference_latency_ms
cems_hls,original,0302bae17f987bedfd192b18bed9c15afda422ca_satellite.tif,79.39322711629345,0.723657488822937,1.0,0.7109941244125366,0.6227045075125208,24.505638992863542,0.9787148481376543,,638.1098403107467,99.84328716831682,3277,4096,909.2173000026378
cems_hls,cems_hls_finetuned,0302bae17f987bedfd192b18bed9c15afda422ca_satellite.tif,91.49333430849055,0.871471107006073,1.0,0.8609398603439331,0.9415692821368948,24.29314088390886,0.9787443802265368,,659.01515489191,99.84825842128562,3277,4096,584.8741000008886
cems_hls,original,0338456606877f2018b070a8a06804b9fc70765a_satellite.tif,96.054119752801,0.9682682752609253,0.9565217391304348,0.9636133909225464,0.935546875,21.122929285837365,0.9102064365323296,,580.0531007751938,99.82760199046197,3277,4096,489.1916000051424
cems_hls,cems_hls_finetuned,0338456606877f2018b070a8a06804b9fc70765a_satellite.tif,100.0,1.0,1.0,1.0,1.0,21.129000869310058,0.9093128335199345,,569.56688867745,99.82442799610033,3277,4096,473.4866999933729
cems_hls,original,03ba6769b8337f17cc86419368b478640ff8b57f_satellite.tif,92.25806451612904,1.0,0.7419354838709677,1.0,1.0,19.421027034470068,0.8837709007716313,,550.5901859306115,99.81837671183517,3277,4096,497.8329000005033
cems_hls,cems_hls_finetuned,03ba6769b8337f17cc86419368b478640ff8b57f_satellite.tif,99.03225806451614,1.0,0.967741935483871,1.0,1.0,19.45897870420358,0.8852842178704976,,542.2746837832735,99.8155916125342,3277,4096,487.3737000016263
cems_hls,original,04bca85f1957d7094686145324a8e543436eced9_satellite.tif,93.47826086956523,1.0,0.782608695652174,1.0,1.0,19.5471139313433,0.8538731191700891,,545.8724177505738,99.81680701067096,3277,4096,512.0030999969458
cems_hls,cems_hls_finetuned,04bca85f1957d7094686145324a8e543436eced9_satellite.tif,93.47826086956523,1.0,0.782608695652174,1.0,1.0,19.592125658714483,0.8479058923413458,,534.4234082397004,99.81288244777791,3277,4096,521.2653999988106
cems_hls,original,059b514d21a7482d3e54de423c63b051b96a533e_satellite.tif,100.0,1.0,1.0,1.0,1.0,16.44870731516185,0.7429955936274382,,522.5920425375871,99.80864614869674,3277,4096,517.8016000063508
cems_hls,cems_hls_finetuned,059b514d21a7482d3e54de423c63b051b96a533e_satellite.tif,100.0,1.0,1.0,1.0,1.0,17.269769670107497,0.776622669693446,,510.8831331779889,99.80426051770796,3277,4096,510.68259999738075
cems_hls,original,07849dcf5b7480d15db8890f015522011ce38868_satellite.tif,85.37022148861607,0.9961883425712585,0.5294117647058824,0.9820167422294617,1.0,19.24782438233622,0.8840047926312689,,559.0131941709334,99.82111334572646,3277,4096,473.5549000033643
cems_hls,cems_hls_finetuned,07849dcf5b7480d15db8890f015522011ce38868_satellite.tif,94.51887369155885,0.9145998954772949,1.0,0.907974362373352,0.9775390625,19.00297468833394,0.8859152537579271,,548.5350724637681,99.81769625130651,3277,4096,478.0587999994168
cems_hls,original,0868a5a61f73aa0214d4f02f140c09ab7af18801_satellite.tif,100.0,1.0,1.0,1.0,1.0,11.073793590364886,0.3211305725068627,,561.8727168949772,99.82202374845211,3277,4096,514.6443000048748
cems_hls,cems_hls_finetuned,0868a5a61f73aa0214d4f02f140c09ab7af18801_satellite.tif,97.18750000000001,1.0,0.90625,1.0,1.0,19.221474702803235,0.8926888848935691,,555.5310383747178,99.81999205608284,3277,4096,492.4016000004485
cems_hls,original,090cf934a893bc7c5d9d6927a38bd55152b97c03_satellite.tif,100.0,1.0,1.0,1.0,1.0,21.40660180364754,0.9517979072573359,,568.5826249222475,99.82412406637702,3277,4096,484.3442999990657
cems_hls,cems_hls_finetuned,090cf934a893bc7c5d9d6927a38bd55152b97c03_satellite.tif,100.0,1.0,1.0,1.0,1.0,21.73295692679406,0.9539553620811131,,551.8764338901187,99.81880001779545,3277,4096,477.3886000039056
cems_hls,original,0d3c84ef13dd48f7b3ee33cc192ae8d06ee506a5_satellite.tif,93.1818181818182,1.0,0.7727272727272727,1.0,1.0,17.99421766992547,0.8363130246992648,,524.4259702041567,99.80931531678138,3277,4096,515.0317999941763
cems_hls,cems_hls_finetuned,0d3c84ef13dd48f7b3ee33cc192ae8d06ee506a5_satellite.tif,100.0,1.0,1.0,1.0,1.0,18.55124573672501,0.8359360764583867,,515.6065099457504,99.80605365124168,3277,4096,502.20180000178516
cems_hls,original,0f2ccb5eadc2e1044e777b907dbf798b732c0136_satellite.tif,100.0,1.0,1.0,1.0,1.0,17.853754565724472,0.8363921974485864,,542.4927701674277,99.81566574616444,3277,4096,534.6005999963381
cems_hls,cems_hls_finetuned,0f2ccb5eadc2e1044e777b907dbf798b732c0136_satellite.tif,100.0,1.0,1.0,1.0,1.0,17.944160672249147,0.8398513281267644,,535.7651258925216,99.81335104662998,3277,4096,498.50779999542283
cems_hls,original,0fe3b45ae538ba84a676e2c217c8ec488da64f1b_satellite.tif,94.95729255676271,0.9976969957351685,0.85,0.9774706363677979,1.0,19.607956260108978,0.9083126062555578,,551.0444155361457,99.81852642512908,3277,4096,507.47820000106003
cems_hls,cems_hls_finetuned,0fe3b45ae538ba84a676e2c217c8ec488da64f1b_satellite.tif,100.0,1.0,1.0,1.0,1.0,19.81625819120067,0.9113960796365758,,542.3760746295958,99.81562608551955,3277,4096,509.8271999959252
cems_hls,original,0ff78985c905f8a6c4c4d4f9a858876d90004fef_satellite.tif,100.0,1.0,1.0,1.0,1.0,23.24675278952983,0.9705253158355075,,544.5550371155886,99.81636383251603,3277,4096,460.3415000019595
cems_hls,cems_hls_finetuned,0ff78985c905f8a6c4c4d4f9a858876d90004fef_satellite.tif,100.0,1.0,1.0,1.0,1.0,23.58771612433957,0.9733391693468362,,543.8629527642448,99.81613014916397,3277,4096,457.09550000174204
cems_hls,original,11d71d8f10eeed62b0ea69cdfe375e9484fdfd57_satellite.tif,98.07246580806415,0.9800224304199219,1.0,0.9716248512268066,0.9439071566731141,23.991461678815917,0.9645644770701615,,715.8653846153846,99.86030893216923,3277,4096,408.45419999823207
cems_hls,cems_hls_finetuned,11d71d8f10eeed62b0ea69cdfe375e9484fdfd57_satellite.tif,97.13300589436031,0.9631212949752808,1.0,0.9603883624076843,0.9400386847195358,24.72486558017563,0.9747523467833441,,717.0144462279294,99.86053279606,3277,4096,382.47989999945275
cems_hls,original,13fcf3edc84e617e2232fd36056f06389cf95022_satellite.tif,98.46119880676272,0.9938522577285767,1.0,0.9778358936309814,0.9150390625,19.16172989223095,0.8833077714310931,,560.2831465017395,99.82151881486286,3277,4096,502.00589999440126
cems_hls,cems_hls_finetuned,13fcf3edc84e617e2232fd36056f06389cf95022_satellite.tif,99.36861872673035,0.9933760762214661,1.0,0.9816787838935852,1.0,19.477227345594454,0.8911139420912926,,546.2417561710948,99.81693087562373,3277,4096,544.8727000039071
cems_hls,original,15c2b7d2fdd3407ab45aac87ca735904f183358f_satellite.tif,100.0,1.0,1.0,1.0,1.0,20.008713798811083,0.9046510968702324,,560.912152846169,99.82171896349084,3277,4096,579.8558000024059
cems_hls,cems_hls_finetuned,15c2b7d2fdd3407ab45aac87ca735904f183358f_satellite.tif,100.0,1.0,1.0,1.0,1.0,19.897010813028086,0.9034567169644424,,551.248741773132,99.8185936902489,3277,4096,551.8880000017816
cems_hls,original,1711a4e1785078f0db6aed4dd9135ed9ede9ea79_satellite.tif,100.0,1.0,1.0,1.0,1.0,11.633063901179108,0.3380313168236283,,566.1192484662577,99.82335877066375,3277,4096,661.433199995372
cems_hls,cems_hls_finetuned,1711a4e1785078f0db6aed4dd9135ed9ede9ea79_satellite.tif,100.0,1.0,1.0,1.0,1.0,12.244274699311251,0.4147002886137022,,558.6223987892546,99.8209882020185,3277,4096,562.6007000028039
cems_hls,original,17a7c59c0eac2673bedbb6281b1a4f1c792ae4be_satellite.tif,91.94831876754763,0.9877411723136902,0.76,1.0,0.9638671875,20.163083126001638,0.8649865303632249,,554.036837029894,99.81950658635608,3277,4096,596.1496000018087
cems_hls,cems_hls_finetuned,17a7c59c0eac2673bedbb6281b1a4f1c792ae4be_satellite.tif,100.0,1.0,1.0,1.0,1.0,20.036983960963056,0.8646122542144694,,545.2042133232112,99.816582488623,3277,4096,570.883699998376
cems_hls,original,1c805ec597141c129c019dae64aed9188913de87_satellite.tif,100.0,1.0,1.0,1.0,1.0,17.665384374550904,0.8009685116506539,,527.4128913443831,99.8103952299211,3277,4096,582.5354000044172
cems_hls,cems_hls_finetuned,1c805ec597141c129c019dae64aed9188913de87_satellite.tif,100.0,1.0,1.0,1.0,1.0,17.987047169950216,0.8028290715129778,,517.4077687443541,99.80672883933947,3277,4096,580.003899995063
cems_hls,original,20fc0d00954cf6c136d93400f32f6693cc130134_satellite.tif,100.0,1.0,1.0,1.0,1.0,17.170314267811325,0.8038723810514081,,542.8400995787055,99.81578369011868,3277,4096,545.8613000009791
cems_hls,cems_hls_finetuned,20fc0d00954cf6c136d93400f32f6693cc130134_satellite.tif,98.13298344612123,0.9667626023292542,1.0,0.9731239676475525,1.0,18.43009901980554,0.8293187478640461,,531.9405141677613,99.81200905489132,3277,4096,526.0576000000583
cems_hls,original,2961d687b23372fb1938a0b6cfc5fe3c4607dbec_satellite.tif,99.30029543811514,1.0,1.0,0.9834035634994507,0.9632224168126094,25.381312419436,0.9751083413042131,,718.461762563729,99.8608137479117,3277,4096,436.51820000377484
cems_hls,cems_hls_finetuned,2961d687b23372fb1938a0b6cfc5fe3c4607dbec_satellite.tif,89.71881858104167,1.0,0.6666666666666666,0.9973244667053223,0.9772329246935202,26.149964163253795,0.9807323159173983,,723.4675467546755,99.86177679918252,3277,4096,425.09489999793004
cems_hls,original,37cd0afc3c489cb87dd3580436ff5396d95ffa3a_satellite.tif,86.45161290322582,1.0,0.5483870967741935,1.0,1.0,17.408049960269324,0.8229750349287818,,539.545147995504,99.8146586984027,3277,4096,565.6003999974928
cems_hls,cems_hls_finetuned,37cd0afc3c489cb87dd3580436ff5396d95ffa3a_satellite.tif,97.09677419354841,1.0,0.9032258064516129,1.0,1.0,18.58631661210676,0.8674634548257945,,525.7561153705732,99.80979774257212,3277,4096,571.958699998504
cems_hls,original,39103442c5a4cfae25717678bc185c94c0ae955d_satellite.tif,100.0,1.0,1.0,1.0,1.0,19.129958274438582,0.8695505422952676,,551.4742326638878,99.81866786501166,3277,4096,575.2936999997473
cems_hls,cems_hls_finetuned,39103442c5a4cfae25717678bc185c94c0ae955d_satellite.tif,100.0,1.0,1.0,1.0,1.0,19.23631003076335,0.8663860468410397,,542.3292342090554,99.81561016133338,3277,4096,601.9049000024097
cems_hls,original,429ee4ce3ca381543b8aeaecd62db3de1802d986_satellite.tif,100.0,1.0,1.0,1.0,1.0,18.781326893910204,0.8542613293791387,,590.5328975115984,99.83066142390817,3277,4096,645.1938999962294
cems_hls,cems_hls_finetuned,429ee4ce3ca381543b8aeaecd62db3de1802d986_satellite.tif,96.09067320823671,0.9473282098770142,1.0,0.9298967719078064,0.9599609375,19.000828237238704,0.8540894397105422,,581.338384886859,99.82798314613362,3277,4096,600.2321999985725
cems_hls,original,483ecab019cd9dd92c1a160523f73a11189e01ed_satellite.tif,100.0,1.0,1.0,1.0,1.0,19.4150494800507,0.8647672268441345,,538.8853149530921,99.81443175899365,3277,4096,624.8316999990493
cems_hls,cems_hls_finetuned,483ecab019cd9dd92c1a160523f73a11189e01ed_satellite.tif,100.0,1.0,1.0,1.0,1.0,19.84582166545571,0.8661432968891587,,526.7823320232079,99.81016827269826,3277,4096,523.4799000027124
cems_hls,original,4c647e695e17c6f740c9f90a1d69141674732878_satellite.tif,93.52034300310163,1.0,0.7857142857142857,1.0,0.9948914431673053,23.908744827569105,0.9724424383884014,,594.2745721271393,99.83172761432134,3277,4096,465.56089999648975
cems_hls,cems_hls_finetuned,4c647e695e17c6f740c9f90a1d69141674732878_satellite.tif,99.80842911877397,1.0,1.0,1.0,0.9808429118773946,24.080830211613865,0.9764182189001068,,581.201099952176,99.82794251420339,3277,4096,515.9706999984337
cems_hls,original,4c8b01bc8e5c15eb8b63d78f9db375dc2b566bb3_satellite.tif,95.90909090909092,1.0,0.8636363636363636,1.0,1.0,19.9895624033964,0.9214066659217827,,557.0327937775909,99.82047735588091,3277,4096,564.6053000018583
cems_hls,cems_hls_finetuned,4c8b01bc8e5c15eb8b63d78f9db375dc2b566bb3_satellite.tif,100.0,1.0,1.0,1.0,1.0,20.39133301119563,0.9331783384788646,,549.1823834196891,99.81791112930951,3277,4096,536.9833000004292
cems_hls,original,50cff3617ff6999f46dec03ed979fca485e143c4_satellite.tif,98.33333333333336,1.0,0.9444444444444444,1.0,1.0,17.81354558111406,0.8124041346747012,,522.9979485266691,99.80879466108479,3277,4096,602.4216000005254
cems_hls,cems_hls_finetuned,50cff3617ff6999f46dec03ed979fca485e143c4_satellite.tif,100.0,1.0,1.0,1.0,1.0,18.040658438724844,0.8196668261570689,,516.6387251289609,99.80644114516379,3277,4096,567.2048999986146
cems_hls,original,5f60f898ebecb15d416d154f73dfd66d560e83fb_satellite.tif,100.0,1.0,1.0,1.0,1.0,16.125846880288613,0.8119058552187267,,551.9219088937093,99.81881494757032,3277,4096,591.5824999974575
cems_hls,cems_hls_finetuned,5f60f898ebecb15d416d154f73dfd66d560e83fb_satellite.tif,84.27408759410567,0.9020969271659851,0.6923076923076923,0.8905802369117737,0.9609375,17.70606475805675,0.8378399366361543,,534.1213740458015,99.81277663681098,3277,4096,517.8416999988258
cems_hls,original,680ed6ceb92a204f2f861899707b9918386669b5_satellite.tif,100.0,1.0,1.0,1.0,1.0,17.036387190017294,0.7944333296042705,,538.6988395652975,99.81436752289889,3277,4096,584.7596999956295
cems_hls,cems_hls_finetuned,680ed6ceb92a204f2f861899707b9918386669b5_satellite.tif,100.0,1.0,1.0,1.0,1.0,17.123245781355894,0.7996311703225844,,528.4777737621973,99.8107772834265,3277,4096,616.6266999935033
cems_hls,original,727d5d8a3c3a7711676e070ef9e42bec18a0f9cc_satellite.tif,100.0,1.0,1.0,1.0,1.0,17.254955283766183,0.7891610778259118,,546.4281397544854,99.81699331947851,3277,4096,589.3423999950755
cems_hls,cems_hls_finetuned,727d5d8a3c3a7711676e070ef9e42bec18a0f9cc_satellite.tif,100.0,1.0,1.0,1.0,1.0,17.30598231943846,0.7830324291688557,,540.305695611578,99.81491958938761,3277,4096,605.6581999946502
cems_hls,original,73b80461772625dc6397a658525dd390d2f7a4ef_satellite.tif,82.82369871161862,0.9533942341804504,0.55,0.932815670967102,0.9531615925058547,18.809383174592732,0.8762782927109589,,535.3192488262911,99.81319558334721,3277,4096,572.1759000007296
cems_hls,cems_hls_finetuned,73b80461772625dc6397a658525dd390d2f7a4ef_satellite.tif,100.0,1.0,1.0,1.0,1.0,19.074485847743755,0.881887855354456,,525.3547733136749,99.80965243854311,3277,4096,603.1943999987561
cems_hls,original,7bbc35bcb06a808a404e7e08ea0fea50957a2991_satellite.tif,100.0,1.0,1.0,1.0,1.0,19.809182769327286,0.9191806679565231,,572.083176985616,99.82520024356089,3277,4096,578.1772999980603
cems_hls,cems_hls_finetuned,7bbc35bcb06a808a404e7e08ea0fea50957a2991_satellite.tif,100.0,1.0,1.0,1.0,1.0,20.053129104510248,0.9218553852746271,,558.462148962149,99.82093683486724,3277,4096,578.0962999997428
cems_hls,original,7c8ff38336dd33500de54df1b69193c9000afe4b_satellite.tif,100.0,1.0,1.0,1.0,1.0,17.305544707895496,0.8007441279960495,,531.3515537251966,99.81180068205518,3277,4096,545.9108000068227
cems_hls,cems_hls_finetuned,7c8ff38336dd33500de54df1b69193c9000afe4b_satellite.tif,99.64088439941409,1.0,1.0,0.9820442199707031,1.0,17.38007580230003,0.8019885827534166,,521.4918243615654,99.80824243961557,3277,4096,555.9977000011713
cems_hls,original,7eb57d80720abfdda3caef0808b21852d40b6f92_satellite.tif,87.72727272727275,1.0,0.5909090909090909,1.0,1.0,19.486067515657616,0.8957673913105392,,441.44755774327905,99.7734725263603,3277,4096,535.2017999975942
cems_hls,cems_hls_finetuned,7eb57d80720abfdda3caef0808b21852d40b6f92_satellite.tif,93.1818181818182,1.0,0.7727272727272727,1.0,1.0,19.053798284950638,0.8708480382740112,,432.92350538432976,99.76901231105198,3277,4096,517.8327999965404
cems_hls,original,7fbe6c7c816b044fd2d9379571ff1c09d4f018d6_satellite.tif,100.0,1.0,1.0,1.0,1.0,17.784790192112002,0.8192657749405193,,519.7239611934834,99.8075901681147,3277,4096,601.1454999970738
cems_hls,cems_hls_finetuned,7fbe6c7c816b044fd2d9379571ff1c09d4f018d6_satellite.tif,100.0,1.0,1.0,1.0,1.0,17.723307772609413,0.8222957359620855,,510.47321107515285,99.80410333425847,3277,4096,558.6620000030962
cems_hls,original,860048ae2e9fe65ddac16b972a6b13ed2120d5ed_satellite.tif,92.00000000000001,1.0,0.7333333333333333,1.0,1.0,14.8083386323783,0.7564550320726469,,525.2712089580566,99.80962215652679,3277,4096,600.6130000023404
cems_hls,cems_hls_finetuned,860048ae2e9fe65ddac16b972a6b13ed2120d5ed_satellite.tif,100.0,1.0,1.0,1.0,1.0,17.176008083600557,0.8100843309397517,,518.9675604725295,99.807309728745,3277,4096,637.3839000007138
cems_hls,original,89b6b9cb2505f0872673ffd4e787b5a842301a28_satellite.tif,100.0,1.0,1.0,1.0,1.0,14.705750400605899,0.6191075074244704,,538.0462269322127,99.81414236362149,3277,4096,560.2479000008316
cems_hls,cems_hls_finetuned,89b6b9cb2505f0872673ffd4e787b5a842301a28_satellite.tif,100.0,1.0,1.0,1.0,1.0,14.80074094085181,0.612606859143326,,529.1513027852651,99.81101813512764,3277,4096,588.840500000515
cems_hls,original,8ee6756482fb10d83f174b9bf8b52878d95bdf27_satellite.tif,100.0,1.0,1.0,1.0,1.0,17.595111876079645,0.8001657177592384,,518.719288389513,99.80721750234028,3277,4096,581.6950000007637
cems_hls,cems_hls_finetuned,8ee6756482fb10d83f174b9bf8b52878d95bdf27_satellite.tif,100.0,1.0,1.0,1.0,1.0,18.323353415313708,0.8161556377826528,,506.57662765179225,99.80259649865107,3277,4096,574.6440000002622
cems_hls,original,90e30fe7c7e6ea232914a5b8c72c52399ccce1a4_satellite.tif,84.00000000000001,1.0,0.4666666666666667,1.0,1.0,18.95832892651675,0.8905494079097918,,517.0996908809892,99.80661369216905,3277,4096,587.3559000028763
cems_hls,cems_hls_finetuned,90e30fe7c7e6ea232914a5b8c72c52399ccce1a4_satellite.tif,100.0,1.0,1.0,1.0,1.0,19.444137206401976,0.8978318643890809,,508.64842265298364,99.80340055026923,3277,4096,614.5939999987604
cems_hls,original,93c84959dd48ce0b629b6880b388a6c55298ee96_satellite.tif,100.0,1.0,1.0,1.0,1.0,17.45029396761227,0.7790509815058494,,504.345080763583,99.80172305864747,3277,4096,586.4353000069968
cems_hls,cems_hls_finetuned,93c84959dd48ce0b629b6880b388a6c55298ee96_satellite.tif,100.0,1.0,1.0,1.0,1.0,18.521175934525573,0.783521181038376,,497.3161990950226,99.7989206863119,3277,4096,632.6326999987941
cems_hls,original,958c570e0760bb8f22a7e092bca4477dbdd124b6_satellite.tif,97.60000000000002,1.0,0.92,1.0,1.0,18.312347413366428,0.8468518868882583,,534.8129913889929,99.813018753078,3277,4096,585.6622999999672
cems_hls,cems_hls_finetuned,958c570e0760bb8f22a7e092bca4477dbdd124b6_satellite.tif,100.0,1.0,1.0,1.0,1.0,18.808113450609806,0.8514617407514149,,523.254761904762,99.80888850464356,3277,4096,606.3285999989603
cems_hls,original,99ec3e738e9b5325315ea84bd6a028fb3e742fa5_satellite.tif,100.0,1.0,1.0,1.0,1.0,17.890843794111362,0.7961742383237791,,526.6355853340777,99.81011537620162,3277,4096,551.3986999940244
cems_hls,cems_hls_finetuned,99ec3e738e9b5325315ea84bd6a028fb3e742fa5_satellite.tif,100.0,1.0,1.0,1.0,1.0,17.781441900431744,0.8010412493566473,,516.7299123447772,99.80647530245302,3277,4096,598.8260000012815
cems_hls,original,9e53f2884b7630a58765b2725712aac95ed3f728_satellite.tif,100.0,1.0,1.0,1.0,1.0,17.37896170778234,0.7122323984847817,,535.071375046834,99.81310904551519,3277,4096,577.0994999984396
cems_hls,cems_hls_finetuned,9e53f2884b7630a58765b2725712aac95ed3f728_satellite.tif,100.0,1.0,1.0,1.0,1.0,17.05476534733652,0.7151053065113133,,531.4869743208038,99.81184863443212,3277,4096,610.5175999982748
cems_hls,original,a39c5fc19d9ad214da6af2e8efd12dc53c10e23b_satellite.tif,92.89473684210527,1.0,0.7631578947368421,1.0,1.0,19.918606352614965,0.8885586555576032,,558.5910752067705,99.82097816374352,3277,4096,625.7666000019526
cems_hls,cems_hls_finetuned,a39c5fc19d9ad214da6af2e8efd12dc53c10e23b_satellite.tif,97.39957978850919,1.0,0.9210526315789473,0.9884000420570374,1.0,20.22622643765393,0.8980467440940382,,548.5672459387987,99.81770694342337,3277,4096,613.8026000044192
cems_hls,original,a4fee3852a2de0e17f34be90639e03beb9645eb8_satellite.tif,96.12903225806453,1.0,0.8709677419354839,1.0,1.0,19.643172461531805,0.8824115877106293,,540.637811900192,99.81503328513311,3277,4096,548.022499999206
cems_hls,cems_hls_finetuned,a4fee3852a2de0e17f34be90639e03beb9645eb8_satellite.tif,99.03225806451614,1.0,0.967741935483871,1.0,1.0,19.844186750299265,0.8899641154566417,,527.8716266866567,99.81056000181772,3277,4096,538.6079000018071
cems_hls,original,ad50b9db546175b96d2e18eb18bd6882cc4d8ce6_satellite.tif,90.46151705873693,0.8829923868179321,1.0,0.8465219736099243,0.8211382113821138,25.81574040572253,0.9398028224222106,,670.4690133862172,99.85085067616332,3277,4096,583.3703000025707
cems_hls,cems_hls_finetuned,ad50b9db546175b96d2e18eb18bd6882cc4d8ce6_satellite.tif,70.04012929714793,0.8628748655319214,0.3333333333333333,0.8453624248504639,0.8617886178861789,26.610453363677905,0.9499694001874011,,668.811078140455,99.85048094556383,3277,4096,545.5357000028016
cems_hls,original,ae8da04ea95b57c7f7ca1789d8c24c8dc90999a0_satellite.tif,98.50000000000001,1.0,0.95,1.0,1.0,19.06975874335417,0.8518396046491077,,523.7841686702423,99.80908166763827,3277,4096,583.6221999998088
cems_hls,cems_hls_finetuned,ae8da04ea95b57c7f7ca1789d8c24c8dc90999a0_satellite.tif,98.50000000000001,1.0,0.95,1.0,1.0,20.715081766726648,0.8679340656026036,,516.9010768388392,99.80653938542446,3277,4096,589.7301000004518
cems_hls,original,b34cc1134cfea8377982c9523792873ed5644de9_satellite.tif,100.0,1.0,1.0,1.0,1.0,21.34162949477174,0.9579461313844306,,606.4097047379263,99.83509498740094,3277,4096,527.6642000026186
cems_hls,cems_hls_finetuned,b34cc1134cfea8377982c9523792873ed5644de9_satellite.tif,100.0,1.0,1.0,1.0,1.0,21.664477370647262,0.9638811695068357,,599.0061044539905,99.83305679315045,3277,4096,501.24009999854024
cems_hls,original,b45dbb1ee0fbe3e2ac6349e725aaba5575345d84_satellite.tif,100.0,1.0,1.0,1.0,1.0,16.52939172800657,0.7646592873233073,,546.7800252844501,99.81711109518315,3277,4096,594.3876000019372
cems_hls,cems_hls_finetuned,b45dbb1ee0fbe3e2ac6349e725aaba5575345d84_satellite.tif,100.0,1.0,1.0,1.0,1.0,16.594820518890014,0.7556392733627451,,539.9538077403246,99.81479897249268,3277,4096,605.5878000042867
cems_hls,original,b4a637c4a06aee17a181fed383ee13171f8264b2_satellite.tif,75.83187754337605,0.765803337097168,0.8076923076923077,0.7584096789360046,0.580078125,20.56237236574011,0.8498779833530042,,596.4271537162163,99.83233493080098,3277,4096,555.0882999959867
cems_hls,cems_hls_finetuned,b4a637c4a06aee17a181fed383ee13171f8264b2_satellite.tif,77.45496630668643,0.6998834609985352,1.0,0.6741532683372498,0.59765625,20.765025379696148,0.853398948135519,,589.8264773439131,99.83045861140329,3277,4096,605.9267000018735
cems_hls,original,b6098a95902ff86886b15b451625a79805bb2035_satellite.tif,100.0,1.0,1.0,1.0,1.0,15.593351086986551,0.7736520358189866,,528.3796603912883,99.8107421471789,3277,4096,605.3695000009611
cems_hls,cems_hls_finetuned,b6098a95902ff86886b15b451625a79805bb2035_satellite.tif,100.0,1.0,1.0,1.0,1.0,16.757455034908336,0.7912530206986237,,512.7639262045495,99.80497848056474,3277,4096,607.7740999971866
cems_hls,original,b84badc2d8d8805f460fa31886af35ca52d841eb_satellite.tif,100.0,1.0,1.0,1.0,1.0,12.207070721895922,0.46500398615300514,,521.6379342374141,99.80829615057388,3277,4096,580.5019999970682
cems_hls,cems_hls_finetuned,b84badc2d8d8805f460fa31886af35ca52d841eb_satellite.tif,100.0,1.0,1.0,1.0,1.0,16.372373603011198,0.7902032606622643,,509.42978955007254,99.8037020958505,3277,4096,574.0338999967207
cems_hls,original,ba86dc719cdb8883a7550168267857127ba8eba9_satellite.tif,100.0,1.0,1.0,1.0,1.0,16.429069000581677,0.7790213958014829,,555.1822255414488,99.8198789597371,3277,4096,554.1473999983282
cems_hls,cems_hls_finetuned,ba86dc719cdb8883a7550168267857127ba8eba9_satellite.tif,100.0,1.0,1.0,1.0,1.0,17.249147212032273,0.7953070215647422,,546.2079353416606,99.81691954010618,3277,4096,612.5252999991062
cems_hls,original,bdd321a638bb9633975ad008d8110bee1b71153e_satellite.tif,85.00000000000001,1.0,0.5,1.0,1.0,21.884562366508145,0.9357295954905493,,562.9918809201624,99.82237754506058,3277,4096,582.1868999992148
cems_hls,cems_hls_finetuned,bdd321a638bb9633975ad008d8110bee1b71153e_satellite.tif,95.00000000000001,1.0,0.8333333333333334,1.0,1.0,20.90462182716371,0.9244487815682062,,554.1014079147641,99.81952761972519,3277,4096,579.0607000017189
cems_hls,original,bdf90687c915dd852ecb5415a5c0d4a039a096ec_satellite.tif,87.30769230769232,1.0,0.5769230769230769,1.0,1.0,18.88570890089856,0.8698069115187913,,548.4291247095275,99.81766103313174,3277,4096,557.1802999984357
cems_hls,cems_hls_finetuned,bdf90687c915dd852ecb5415a5c0d4a039a096ec_satellite.tif,95.16650530008171,0.9997859001159668,0.8461538461538461,0.9895226955413818,1.0,18.853416299725247,0.8733570720966248,,538.2151273280122,99.81420068867916,3277,4096,580.2656000014395
cems_hls,original,be2e34f8e0500652148ef7cfab50237fa0203505_satellite.tif,95.00000000000001,1.0,0.8333333333333334,1.0,1.0,18.229903121920653,0.8405434469717121,,504.3617059891107,99.80172959443087,3277,4096,604.2471999971895
cems_hls,cems_hls_finetuned,be2e34f8e0500652148ef7cfab50237fa0203505_satellite.tif,100.0,1.0,1.0,1.0,1.0,18.648538635231674,0.8415708721666942,,497.3215819613457,99.79892286273679,3277,4096,561.761299999489
cems_hls,original,bf7d04682491c23fcf3c4e948b56ef22c53db11f_satellite.tif,91.81818181818183,1.0,0.7272727272727273,1.0,1.0,19.642138717567722,0.8827433079674728,,521.411830565404,99.8082130206145,3277,4096,572.1510000003036
cems_hls,cems_hls_finetuned,bf7d04682491c23fcf3c4e948b56ef22c53db11f_satellite.tif,94.54545454545456,1.0,0.8181818181818182,1.0,1.0,19.427277628599832,0.8795782846439786,,511.5792749908458,99.80452687415496,3277,4096,650.5627999940771
cems_hls,original,c261cf7fe6f97c9efb540270444e381dad917b01_satellite.tif,99.65820312500003,1.0,1.0,1.0,0.9658203125,14.9649226027992,0.6389002559330247,,540.4731500276804,99.81497693272112,3277,4096,589.6055000048364
cems_hls,cems_hls_finetuned,c261cf7fe6f97c9efb540270444e381dad917b01_satellite.tif,100.0,1.0,1.0,1.0,1.0,14.860480732780871,0.6453230103121255,,532.0297910990009,99.812040600596,3277,4096,600.2330000046641
cems_hls,original,c5f9e2224909daecfb3abf8f08643237c036ef51_satellite.tif,100.0,1.0,1.0,1.0,1.0,16.703718894318094,0.7764127880880449,,528.6161249319049,99.81082680742499,3277,4096,565.3786999973818
cems_hls,cems_hls_finetuned,c5f9e2224909daecfb3abf8f08643237c036ef51_satellite.tif,100.0,1.0,1.0,1.0,1.0,16.75743471438942,0.772522250852069,,520.3018766756032,99.80780388370125,3277,4096,508.20090000343043
cems_hls,original,c8f354dd305c83e601b105ef3d3219a07c2efcc9_satellite.tif,96.00000000000001,1.0,0.8666666666666667,1.0,1.0,18.241311842555834,0.8270148148399722,,524.6983281278707,99.80941429648385,3277,4096,555.9730999957537
cems_hls,cems_hls_finetuned,c8f354dd305c83e601b105ef3d3219a07c2efcc9_satellite.tif,100.0,1.0,1.0,1.0,1.0,19.02426060175652,0.8384577348596889,,515.5113718411552,99.80601785826208,3277,4096,545.9421999985352
cems_hls,original,caae24021dbc3f562f43f7f0f22987411df815e7_satellite.tif,82.63157894736844,1.0,0.42105263157894735,1.0,1.0,19.402587061433387,0.7729042721865506,,554.5832310838446,99.81968441453853,3277,4096,577.0773999975063
cems_hls,cems_hls_finetuned,caae24021dbc3f562f43f7f0f22987411df815e7_satellite.tif,84.2105263157895,1.0,0.47368421052631576,1.0,1.0,19.41048889775425,0.7655704419499723,,538.1845604286565,99.81419013596312,3277,4096,603.1626999974833
cems_hls,original,caea288a24df1b2244034ceaa97eaef8edfa3d9d_satellite.tif,100.0,1.0,1.0,1.0,1.0,19.083095454452252,0.8421145288276457,,537.918867566027,99.81409835938182,3277,4096,538.3887999996659
cems_hls,cems_hls_finetuned,caea288a24df1b2244034ceaa97eaef8edfa3d9d_satellite.tif,100.0,1.0,1.0,1.0,1.0,19.077967417776026,0.8423888064890712,,531.356418918919,99.81180240524155,3277,4096,606.7970000003697
cems_hls,original,cf99c2c17df9c26bc583e904e2ee9f2c76c6ae32_satellite.tif,87.72725364436275,0.9464839696884155,0.6956521739130435,0.9499164819717407,1.0,18.20508331608288,0.8137540116911315,,549.2427929614377,99.81793115670973,3277,4096,553.5423999972409
cems_hls,cems_hls_finetuned,cf99c2c17df9c26bc583e904e2ee9f2c76c6ae32_satellite.tif,93.7610748021499,0.965445876121521,0.8695652173913043,0.9528141617774963,1.0,18.578749033620326,0.8202238451113805,,543.544831419044,99.81602253536488,3277,4096,597.5076999966404
cems_hls,original,d57bc6df5b7e7fb59bd2040891d7ec3fd312554d_satellite.tif,100.0,1.0,1.0,1.0,1.0,17.331154240560195,0.794455707536502,,557.4883454337028,99.82062405282714,3277,4096,611.8300999951316
cems_hls,cems_hls_finetuned,d57bc6df5b7e7fb59bd2040891d7ec3fd312554d_satellite.tif,99.20898437500003,1.0,1.0,1.0,0.9208984375,16.28699069320296,0.7614050404077889,,548.2701991732431,99.81760817904969,3277,4096,584.0148999996018
cems_hls,original,d92b697a6320e105cf8b2132e87de97a028ea3b1_satellite.tif,91.81818181818183,1.0,0.7272727272727273,1.0,1.0,19.055318283248738,0.8858010408504144,,556.8557194864917,99.82042026955884,3277,4096,589.022299995122
cems_hls,cems_hls_finetuned,d92b697a6320e105cf8b2132e87de97a028ea3b1_satellite.tif,98.18181818181819,1.0,0.9393939393939394,1.0,1.0,19.338020043800586,0.8875245632590657,,543.5253413128858,99.81601593817419,3277,4096,593.7372000043979
cems_hls,original,d9e029dcab2b6bd69239ee96c92cfaec32833fe8_satellite.tif,87.84260272979736,0.8480313420295715,1.0,0.8684307336807251,0.6552734375,18.959513156940485,0.8230367481781983,,571.7304382629578,99.82509239790727,3277,4096,585.8752999993158
cems_hls,cems_hls_finetuned,d9e029dcab2b6bd69239ee96c92cfaec32833fe8_satellite.tif,91.615264415741,0.9011057615280151,1.0,0.8825556039810181,0.7919921875,18.440945472206533,0.8142931637575064,,566.0663760649891,99.82334227181069,3277,4096,550.6406999993487
cems_hls,original,db60b4369016318213a2c8b2e03a8b5dcab9aee9_satellite.tif,93.68421052631581,1.0,0.7894736842105263,1.0,1.0,18.1975430269552,0.7829368911024278,,505.62712173754335,99.80222579901103,3277,4096,534.1517999986536
cems_hls,cems_hls_finetuned,db60b4369016318213a2c8b2e03a8b5dcab9aee9_satellite.tif,100.0,1.0,1.0,1.0,1.0,18.945140921249376,0.7723655192175826,,497.00950843200576,99.79879660589293,3277,4096,551.0547999947448
cems_hls,original,dd9f59db8ab201f9d590886b57c368bf10fe9381_satellite.tif,92.24125627297255,0.9335728883743286,1.0,0.9032084941864014,0.6834170854271356,24.735717461379775,0.93897937633309,,697.6202715809893,99.85665554159804,3277,4096,567.757700002403
cems_hls,cems_hls_finetuned,dd9f59db8ab201f9d590886b57c368bf10fe9381_satellite.tif,83.03466576155381,0.8958814144134521,0.7727272727272727,0.8667086958885193,0.6683417085427136,25.17490476608255,0.9428297225234417,,688.4388609715243,99.85474381870472,3277,4096,511.1646000004839
cems_hls,original,dec586112bb0737c10fc5acf36ed1c8ba8f955bc_satellite.tif,92.92269486647386,1.0,0.7692307692307693,0.9922885894775391,1.0,18.13626728125673,0.8432788045697113,,556.2784187630036,99.82023390333501,3277,4096,552.6458000022103
cems_hls,cems_hls_finetuned,dec586112bb0737c10fc5acf36ed1c8ba8f955bc_satellite.tif,97.69230769230771,1.0,0.9230769230769231,1.0,1.0,18.097166129525185,0.8411960030413649,,546.9674539706156,99.8171737655064,3277,4096,548.2406000010087
cems_hls,original,e594683874ac0d9478580c560e82d38ffd42c5c4_satellite.tif,100.0,1.0,1.0,1.0,1.0,18.62192037284843,0.8789017872928332,,534.4425650557621,99.81288915490934,3277,4096,529.5955000037793
cems_hls,cems_hls_finetuned,e594683874ac0d9478580c560e82d38ffd42c5c4_satellite.tif,97.91723847389223,0.979303240776062,1.0,0.9372554421424866,1.0,18.71486601803861,0.8822747664276727,,528.353730246233,99.81073285892504,3277,4096,581.9374999991851
cems_hls,original,ea2ff703af0b6bbbf664920f69804c41da4088bb_satellite.tif,97.00000000000001,1.0,0.9,1.0,1.0,21.8286919150747,0.9536997617479275,,566.7194029850747,99.82354583331139,3277,4096,507.847100001527
cems_hls,cems_hls_finetuned,ea2ff703af0b6bbbf664920f69804c41da4088bb_satellite.tif,100.0,1.0,1.0,1.0,1.0,22.112483940068202,0.9590794215727465,,554.772281360885,99.81974586085178,3277,4096,463.0412999977125
cems_hls,original,eb6cf4a5be9584caa0daf326125fa4d210cd2806_satellite.tif,100.0,1.0,1.0,1.0,1.0,22.539859119782424,0.943561916283107,,635.6440821511751,99.8426792558792,3277,4096,552.1395000032499
cems_hls,cems_hls_finetuned,eb6cf4a5be9584caa0daf326125fa4d210cd2806_satellite.tif,96.21967262615361,0.9387174844741821,1.0,0.9537798762321472,0.9595375722543352,22.20401982278976,0.9426778291959282,,631.6320218809174,99.84167997103405,3277,4096,493.50589999812655
cems_hls,original,ebd0b4f5628ffd904f682cfa079e72700883c431_satellite.tif,100.0,1.0,1.0,1.0,1.0,13.539136718248958,0.6006428901567783,,560.8485875706215,99.82169875753247,3277,4096,528.7893999993685
cems_hls,cems_hls_finetuned,ebd0b4f5628ffd904f682cfa079e72700883c431_satellite.tif,100.0,1.0,1.0,1.0,1.0,16.405707614021182,0.7653769730361072,,550.990934320074,99.81850881063333,3277,4096,570.1795999993919
cems_hls,original,ed7cd782b25731a1a30c0e02a2f557924960e8a5_satellite.tif,96.21413367135186,0.9800885319709778,0.9285714285714286,0.9757388830184937,0.9638671875,19.774422953128678,0.8530100984888687,,540.1803435114504,99.81487664036432,3277,4096,559.9115000004531
cems_hls,cems_hls_finetuned,ed7cd782b25731a1a30c0e02a2f557924960e8a5_satellite.tif,100.0,1.0,1.0,1.0,1.0,19.958493142187447,0.8536332320070281,,531.4579421704844,99.81183835621762,3277,4096,567.8384000057122
cems_hls,original,edadaf1a10b2fa6a161399f4c7c5a47e91d8f9f3_satellite.tif,97.63326525688173,0.966376006603241,1.0,0.9489112496376038,1.0,15.70047142033243,0.7508256535407879,,502.2558878504673,99.80089830220213,3277,4096,545.4457000014372
cems_hls,cems_hls_finetuned,edadaf1a10b2fa6a161399f4c7c5a47e91d8f9f3_satellite.tif,91.78131937980652,0.8703455328941345,1.0,0.8630233407020569,0.970703125,15.513318148404755,0.7564235955243763,,491.1476878084445,99.79639525445755,3277,4096,573.2991999975638
cems_hls,original,eec53094f80aa70a06af49b46e1f0e3d3676b4f9_satellite.tif,93.75000000000001,1.0,0.7916666666666666,1.0,1.0,18.190199242312165,0.8501666735285922,,531.539708863092,99.81186730110176,3277,4096,555.1628999965033
cems_hls,cems_hls_finetuned,eec53094f80aa70a06af49b46e1f0e3d3676b4f9_satellite.tif,100.0,1.0,1.0,1.0,1.0,18.404177918018945,0.8480252585326415,,518.9181507465371,99.8072913813939,3277,4096,564.1698999970686
cems_hls,original,efcde8e74f9b81e5325660178067acfc2f6c6f30_satellite.tif,89.72164070634415,0.9809238910675049,0.75,0.9713382720947266,0.8557919621749409,25.741876022151633,0.9783084953981953,,700.1225635943179,99.85716786574251,3277,4096,439.1567999991821
cems_hls,cems_hls_finetuned,efcde8e74f9b81e5325660178067acfc2f6c6f30_satellite.tif,99.90543735224588,1.0,1.0,1.0,0.9905437352245863,26.12056753113783,0.9830050975275011,,694.1601703242712,99.85594102877829,3277,4096,419.4002999938675
cems_hls,original,f30b7422c5005881b970d9b058973a5d736e5d70_satellite.tif,92.48046875000003,1.0,0.75,1.0,0.998046875,18.8124175657155,0.8441234707485765,,536.4982423681776,99.81360609951193,3277,4096,537.6845999999205
cems_hls,cems_hls_finetuned,f30b7422c5005881b970d9b058973a5d736e5d70_satellite.tif,95.71428571428572,1.0,0.8571428571428571,1.0,1.0,18.72633083951577,0.8445405180334601,,527.9033315128345,99.81057137920796,3277,4096,588.3561999944504
cems_hls,original,fb210a0ad9e971efeafbedac7dd6e9418fe81ce9_satellite.tif,97.18750000000001,1.0,0.90625,1.0,1.0,19.05510710440507,0.8621635474035488,,532.4058435438266,99.81217336133207,3277,4096,524.1097000034642
cems_hls,cems_hls_finetuned,fb210a0ad9e971efeafbedac7dd6e9418fe81ce9_satellite.tif,100.0,1.0,1.0,1.0,1.0,19.96128236011947,0.8662209988622666,,519.5756070640176,99.80753522944413,3277,4096,573.2525999992504
cems_hls,original,fe57531dbb29b6b8729ba9e558e743660b900d10_satellite.tif,99.84375000000003,1.0,1.0,1.0,0.984375,16.18814304826851,0.788771839261262,,583.729513006063,99.82868777786304,3277,4096,541.1345999964396
cems_hls,cems_hls_finetuned,fe57531dbb29b6b8729ba9e558e743660b900d10_satellite.tif,99.12109375000003,1.0,1.0,1.0,0.912109375,16.226760213034176,0.7888577068739063,,571.1077305778798,99.8249016872897,3277,4096,535.8028999980888
sentinel2_patches,original,sentinel2_patch_00000.png,82.13963194897302,0.7648093104362488,1.0,0.7747313976287842,0.6052631578947368,19.28652305826524,0.768215702973296,,61.38396111786148,98.37090995467051,819,1024,187.1750999998767
sentinel2_patches,cems_hls_finetuned,sentinel2_patch_00000.png,57.3554646655133,0.3742714822292328,1.0,0.4087039530277252,0.42105263157894735,18.79468481102011,0.7751238165465196,,61.53349573690621,98.37486886122053,819,1024,111.98629999853438
sentinel2_patches,original,sentinel2_patch_00001.png,93.58414239482204,1.0,0.8055555555555556,1.0,0.941747572815534,20.75147340974723,0.810382512431622,,61.53627394080093,98.3749422316957,819,1024,115.74980000295909
sentinel2_patches,cems_hls_finetuned,sentinel2_patch_00001.png,51.338036166425674,0.4199080169200897,0.7777777777777778,0.4633317291736603,0.1941747572815534,19.183190970630374,0.7883225318233571,,61.46492753623188,98.37305591971857,819,1024,123.6196000027121
sentinel2_patches,original,sentinel2_patch_00002.png,95.20000000000002,1.0,0.84,1.0,1.0,24.581619151190537,0.9040528295206003,,59.51116199198626,98.31964296019852,819,1024,128.0527000053553
sentinel2_patches,cems_hls_finetuned,sentinel2_patch_00002.png,71.5623735796107,0.6046636700630188,0.96,0.6466131210327148,0.5643564356435643,21.54795815526417,0.8809940493175075,,59.37521416333524,98.31579554854471,819,1024,120.19980000331998
sentinel2_patches,original,sentinel2_patch_00003.png,87.50000000000003,1.0,0.5833333333333334,1.0,1.0,24.42386174376717,0.9051555121878078,,59.64343786295006,98.32336961813331,819,1024,124.37130000034813
sentinel2_patches,cems_hls_finetuned,sentinel2_patch_00003.png,67.3305136723952,0.6216223239898682,0.8333333333333334,0.6505537629127502,0.44545454545454544,21.96358241917129,0.8924131843346897,,59.99182242990654,98.33310614764473,819,1024,115.17389999789884
sentinel2_patches,original,sentinel2_patch_00004.png,91.00000000000001,1.0,0.7,1.0,1.0,22.400578709369256,0.8812126733427247,,60.83293838862559,98.3561537113141,819,1024,125.13789999502478
sentinel2_patches,cems_hls_finetuned,sentinel2_patch_00004.png,67.47269379465205,0.5440173149108887,1.0,0.5684947967529297,0.4342105263157895,21.1588362857195,0.8701243171191028,,61.30507462686567,98.36881366495919,819,1024,114.19659999955911
sentinel2_patches,original,sentinel2_patch_00005.png,73.1284557432818,0.8053079843521118,0.71875,0.8108770847320557,0.3136094674556213,21.996992581020013,0.8564088387933169,,59.2019906323185,98.31086760880959,819,1024,119.20649999956368
sentinel2_patches,cems_hls_finetuned,sentinel2_patch_00005.png,48.528689121353565,0.42708468437194824,0.6875,0.44634053111076355,0.1893491124260355,20.282361024537835,0.8415415451916065,,59.620872641509436,98.32273504949711,819,1024,115.2864000032423
sentinel2_patches,original,sentinel2_patch_00006.png,95.28494505172083,0.9649825692176819,1.0,0.9672608375549316,0.7340425531914894,21.189881231744565,0.8433861707103102,,60.45374707259953,98.34584281632851,819,1024,119.22500000218861
sentinel2_patches,cems_hls_finetuned,sentinel2_patch_00006.png,64.9596350243751,0.5063202977180481,1.0,0.5332134962081909,0.40425531914893614,18.962309680345907,0.8104531836770497,,60.631238990017614,98.35068519684278,819,1024,116.17580000165617
sentinel2_patches,original,sentinel2_patch_00007.png,93.81485882012743,0.9349094033241272,1.0,0.9404893517494202,0.7608695652173914,19.800467084747446,0.8024814314978206,,61.58004778972521,98.37609739535334,819,1024,121.8185000034282
sentinel2_patches,cems_hls_finetuned,sentinel2_patch_00007.png,65.10337456412938,0.49722665548324585,1.0,0.5433241128921509,0.43478260869565216,19.473475169021462,0.8039334255051485,,61.17804154302671,98.36542658970752,819,1024,118.98669999936828
sentinel2_patches,original,sentinel2_patch_00008.png,92.00831333796185,0.9201393723487854,1.0,0.9268035888671875,0.6666666666666666,20.177464843122088,0.8033257228748248,,60.462314540059346,98.34607720923842,819,1024,120.9582000010414
sentinel2_patches,cems_hls_finetuned,sentinel2_patch_00008.png,59.147235014859376,0.4250246286392212,1.0,0.4749595522880554,0.2647058823529412,18.990995711838426,0.7935515684893181,,61.48400724200362,98.37356079270508,819,1024,116.5956000040751
sentinel2_patches,original,sentinel2_patch_00009.png,78.68558638557617,0.7640793919563293,0.9545454545454546,0.765606701374054,0.41739130434782606,20.013885014596255,0.7958958437738581,,61.87138461538461,98.38374394525616,819,1024,119.33870000211755
sentinel2_patches,cems_hls_finetuned,sentinel2_patch_00009.png,41.37589696132147,0.3700125515460968,0.5454545454545454,0.4018922746181488,0.21739130434782608,19.02510553897548,0.795909367747301,,62.68142144638404,98.404630946579,819,1024,126.25610000395682
sentinel2_patches,original,sentinel2_patch_00010.png,81.64134825978961,0.7417725324630737,1.0,0.7592366337776184,0.6785714285714286,20.7447987133534,0.7916804778501659,,62.66832298136646,98.40429749444974,819,1024,128.43810000049416
sentinel2_patches,cems_hls_finetuned,sentinel2_patch_00010.png,56.4075404405594,0.34423816204071045,1.0,0.38190069794654846,0.5,19.7400846668171,0.7879274172926058,,62.9812734082397,98.41222645099906,819,1024,123.4552000023541
sentinel2_patches,original,sentinel2_patch_00011.png,80.09840522493636,0.7325055003166199,1.0,0.754194974899292,0.5714285714285714,20.685565358642542,0.7952145916109099,,62.23956442831216,98.39330495130343,819,1024,121.74189999495866
sentinel2_patches,cems_hls_finetuned,sentinel2_patch_00011.png,60.089822004711834,0.43581831455230713,1.0,0.47412431240081787,0.31746031746031744,19.90643362707202,0.7956020430710755,,61.86530366806976,98.38358507805059,819,1024,125.41999999666587
sentinel2_patches,original,sentinel2_patch_00012.png,89.23883727759372,0.8659800291061401,1.0,0.9076677560806274,0.6446280991735537,20.22652087971869,0.7134690506241215,,62.31521739130435,98.39525553811268,819,1024,119.28260000422597
sentinel2_patches,cems_hls_finetuned,sentinel2_patch_00012.png,55.95717384302913,0.3908948004245758,1.0,0.429292231798172,0.17355371900826447,17.846830810605933,0.7440108992705471,,61.86690647482014,98.38362695505552,819,1024,127.44009999732953
sentinel2_patches,original,sentinel2_patch_00013.png,63.745400195426136,0.6477773189544678,0.6875,0.6583377122879028,0.40425531914893614,19.396384548501494,0.721621845076672,,64.84483850538315,98.45785721261842,819,1024,127.67670000175713
sentinel2_patches,cems_hls_finetuned,sentinel2_patch_00013.png,33.98471909634611,0.27899467945098877,0.5,0.3167785108089447,0.14893617021276595,17.930387202233305,0.7164318947416758,,66.66015625,98.49985350131848,819,1024,124.41899999976158
sentinel2_patches,original,sentinel2_patch_00014.png,80.35027650686413,0.7959572076797485,0.9166666666666666,0.8198301792144775,0.46153846153846156,20.129593439631517,0.7109415793606394,,62.270356234096695,98.39409943916068,819,1024,123.14799999876413
sentinel2_patches,cems_hls_finetuned,sentinel2_patch_00014.png,31.229686232713554,0.23560310900211334,0.5,0.263355016708374,0.15384615384615385,18.174989764386492,0.7328804638704359,,63.1541935483871,98.4165738744905,819,1024,123.10599999909755
sentinel2_patches,original,sentinel2_patch_00015.png,68.52013871894067,0.6039583683013916,0.9285714285714286,0.6227940320968628,0.40487804878048783,18.67627877284338,0.6829747582242707,,63.08005164622337,98.41471277542958,819,1024,127.29219999891939
sentinel2_patches,cems_hls_finetuned,sentinel2_patch_00015.png,52.95215618610383,0.3403930962085724,1.0,0.36682161688804626,0.2,18.206163787070885,0.7037181814025807,,63.24336569579288,98.41880648033487,819,1024,121.66360000264831
sentinel2_patches,original,sentinel2_patch_00016.png,61.053902506828315,0.48391231894493103,1.0,0.49502673745155334,0.1796875,18.863788705346888,0.6924495103008131,,62.19338422391858,98.39211193846657,819,1024,121.43070000456646
sentinel2_patches,cems_hls_finetuned,sentinel2_patch_00016.png,43.336053077991195,0.3158889412879944,0.7692307692307693,0.328444242477417,0.10546875,17.45020042650818,0.6634130818581319,,63.116849580374435,98.41563701824728,819,1024,121.64820000180043
sentinel2_patches,original,sentinel2_patch_00017.png,60.9798309658513,0.5787618160247803,0.7272727272727273,0.5922254920005798,0.4166666666666667,19.917875613545732,0.7227467656906137,,63.85786481364498,98.4340221789152,819,1024,121.83349999395432
sentinel2_patches,cems_hls_finetuned,sentinel2_patch_00017.png,40.86706558029692,0.2684386074542999,0.7272727272727273,0.2937721014022827,0.24358974358974358,18.22239271615721,0.7290233098420962,,65.09143593045718,98.46369958550557,819,1024,119.54970000078902
sentinel2_patches,original,sentinel2_patch_00018.png,64.84756720826982,0.6424434185028076,0.75,0.6543000340461731,0.35638297872340424,19.19454836311995,0.7393665869532775,,61.89497135582432,98.3843598630151,819,1024,123.94750000385102
sentinel2_patches,cems_hls_finetuned,sentinel2_patch_00018.png,41.244403085810085,0.29888784885406494,0.6875,0.3241519033908844,0.21808510638297873,18.020941023059358,0.7420412914250183,,62.2914798206278,98.39464401410986,819,1024,120.16950000543147
sentinel2_patches,original,sentinel2_patch_00019.png,77.37813064186354,0.8909274935722351,0.6538461538461539,0.9068004488945007,0.39896373056994816,20.493906322466326,0.7515195467856196,,60.64923469387755,98.35117457780395,819,1024,122.71429999964312
sentinel2_patches,cems_hls_finetuned,sentinel2_patch_00019.png,35.77462832307189,0.3431422710418701,0.46153846153846156,0.3686884045600891,0.08290155440414508,18.955803371392594,0.7240995086194768,,62.196206671026815,98.39218490399378,819,1024,127.14520000008633
sentinel2_patches,original,sentinel2_patch_00020.png,76.58936427189755,0.7809316515922546,0.9230769230769231,0.7990051507949829,0.16796875,18.300030732536218,0.6968135956351165,,61.50582147477361,98.37413764092209,819,1024,125.60500000108732
sentinel2_patches,cems_hls_finetuned,sentinel2_patch_00020.png,26.414992304948665,0.2355605512857437,0.38461538461538464,0.26293981075286865,0.01953125,17.745903986989802,0.7033574567346826,,62.27111984282908,98.39411913175165,819,1024,125.8079999970505
sentinel2_patches,original,sentinel2_patch_00021.png,86.2084173387097,1.0,0.5806451612903226,1.0,0.87890625,20.030042101020527,0.8975205034576843,,65.58775029446407,98.47532504848789,819,1024,135.56369999423623
sentinel2_patches,cems_hls_finetuned,sentinel2_patch_00021.png,71.36797631940536,0.7893505096435547,0.6129032258064516,0.7851867079734802,0.5703125,20.526054740717093,0.9141990265145229,,64.67363530778165,98.45377487249479,819,1024,129.72659999650205
sentinel2_patches,original,sentinel2_patch_00022.png,90.90909090909093,1.0,0.696969696969697,1.0,1.0,18.855103591681054,0.8792491021658544,,67.0751708428246,98.50913536643347,819,1024,134.04370000353083
sentinel2_patches,cems_hls_finetuned,sentinel2_patch_00022.png,100.0,1.0,1.0,1.0,1.0,18.703835900417758,0.8660101536170514,,66.24521934758155,98.49045710792637,819,1024,145.9859000024153
sentinel2_patches,original,sentinel2_patch_00023.png,90.76177424854704,0.9977942705154419,0.7037037037037037,0.9908508658409119,0.9921875,18.320822061573217,0.8960458328082428,,65.16896551724138,98.46552727657549,819,1024,129.98130000050878
sentinel2_patches,cems_hls_finetuned,sentinel2_patch_00023.png,83.77599822150337,0.8108305931091309,0.9259259259259259,0.8071560859680176,0.7421875,18.242273727779448,0.8955515734098329,,64.98223495702005,98.46111787219782,819,1024,131.0860000012326
sentinel2_patches,original,sentinel2_patch_00024.png,69.0909504890442,0.8083367347717285,0.5,0.8163896799087524,0.54296875,19.49560916782712,0.9292505972545412,,66.14849734826164,98.48824986192028,819,1024,130.7987000036519
sentinel2_patches,cems_hls_finetuned,sentinel2_patch_00024.png,84.06460762023927,0.7873864769935608,1.0,0.7964261770248413,0.6640625,18.68796286951361,0.916456825649505,,65.91544333529066,98.48290484080745,819,1024,129.03659999574302
sentinel2_patches,original,sentinel2_patch_00025.png,74.18408600907578,0.781697154045105,0.7368421052631579,0.7846874594688416,0.51171875,19.370635964543666,0.9121965998019264,,66.1644236395553,98.48861375193457,819,1024,126.10310000309255
sentinel2_patches,cems_hls_finetuned,sentinel2_patch_00025.png,68.89645658041303,0.7205989360809326,0.6842105263157895,0.7253560423851013,0.50390625,18.9319248405869,0.9033250480215721,,66.04848130841121,98.48596064558922,819,1024,130.99580000562128
sentinel2_patches,original,sentinel2_patch_00026.png,74.75935248228221,0.8739916682243347,0.48717948717948717,0.8646838068962097,0.7890625,19.95389484533828,0.9004890949461667,,66.32043879907621,98.49216920438421,819,1024,132.7097000030335
sentinel2_patches,cems_hls_finetuned,sentinel2_patch_00026.png,92.30769230769232,1.0,0.7435897435897436,1.0,1.0,18.84334626778676,0.8679412453875379,,66.28216964800923,98.49129863233131,819,1024,124.85499999456806
sentinel2_patches,original,sentinel2_patch_00027.png,78.99232582612473,0.8087995052337646,0.8181818181818182,0.811775803565979,0.5859375,19.237045240272813,0.9005744994264175,,67.16461628588166,98.51112080244222,819,1024,124.61559999792371
sentinel2_patches,cems_hls_finetuned,sentinel2_patch_00027.png,85.98854097453032,0.8489478826522827,0.9696969696969697,0.8520639538764954,0.58984375,17.797684516479254,0.8642411092499597,,66.85131195335276,98.5041430440471,819,1024,126.09410000004573
sentinel2_patches,original,sentinel2_patch_00028.png,77.05541610717775,0.8836323022842407,0.5833333333333334,0.8843343257904053,0.65234375,19.042779902041183,0.894554837918912,,67.55985705777249,98.51983108971815,819,1024,125.05160000000615
sentinel2_patches,cems_hls_finetuned,sentinel2_patch_00028.png,68.75524481137595,0.775860607624054,0.6111111111111112,0.7721087336540222,0.39453125,18.79878698549999,0.8935540806145874,,66.06464764123471,98.48633113820493,819,1024,122.46739999682177
sentinel2_patches,original,sentinel2_patch_00029.png,78.56572303771974,0.8442449569702148,0.72,0.8472962379455566,0.625,19.40854641670947,0.8974810900450634,,67.38066825775657,98.51589480208979,819,1024,126.92860000242945
sentinel2_patches,cems_hls_finetuned,sentinel2_patch_00029.png,77.1616936683655,0.7489126324653625,0.92,0.7517437934875488,0.45703125,19.09518014610106,0.8924266653831168,,66.90165876777252,98.50526875055344,819,1024,123.7914000012097
sentinel2_patches,original,sentinel2_patch_00030.png,72.93519218762717,0.8856281638145447,0.4444444444444444,0.9041491150856018,0.609375,20.612203388273286,0.9207377377662525,,70.00246305418719,98.57147883607192,819,1024,126.3080999997328
sentinel2_patches,cems_hls_finetuned,sentinel2_patch_00030.png,85.13871312141421,0.8441332578659058,1.0,0.8655441403388977,0.40625,18.614914124709642,0.8874735058872181,,69.4041514041514,98.55916399845185,819,1024,122.16479999915464
sentinel2_patches,original,sentinel2_patch_00031.png,73.32202746317938,0.9171723127365112,0.41025641025641024,0.9253565073013306,0.58203125,20.51546197469968,0.8932035277929704,,66.4157236450268,98.49433244852572,819,1024,126.30600000557024
sentinel2_patches,cems_hls_finetuned,sentinel2_patch_00031.png,84.04747596153848,1.0,0.6153846153846154,1.0,0.55859375,18.132419532332722,0.8486668871284384,,65.51821386603996,98.47370686562881,819,1024,139.4053999974858
sentinel2_patches,original,sentinel2_patch_00032.png,83.94531250000001,1.0,0.5,1.0,0.89453125,19.074649923701145,0.872944240334074,,65.46538685282141,98.47247522992846,819,1024,133.85399999970105
sentinel2_patches,cems_hls_finetuned,sentinel2_patch_00032.png,75.2149664438688,0.8551272749900818,0.6153846153846154,0.8598387241363525,0.53515625,20.260490227552545,0.9056321531063428,,64.78698906160047,98.45648020615808,819,1024,129.04210000124294
sentinel2_patches,original,sentinel2_patch_00033.png,85.00000000000001,1.0,0.5,1.0,1.0,19.119123955188126,0.8716963927326731,,66.93573113207547,98.50602961514406,819,1024,128.45119999838062
sentinel2_patches,cems_hls_finetuned,sentinel2_patch_00033.png,92.50000000000001,1.0,0.75,1.0,1.0,16.459203975759866,0.7851521942951012,,65.96339337594422,98.48400764602768,819,1024,130.90469999588095
sentinel2_patches,original,sentinel2_patch_00034.png,72.5145545270708,0.8975878953933716,0.48148148148148145,0.914970338344574,0.38671875,20.916382253235444,0.8723251102696359,,68.63680387409201,98.54305570254348,819,1024,127.96959999832325
sentinel2_patches,cems_hls_finetuned,sentinel2_patch_00034.png,86.90972222222224,1.0,0.7407407407407407,1.0,0.46875,19.313107579037947,0.8274980068924533,,67.41260404280618,98.51659787631849,819,1024,131.3268000012613
sentinel2_patches,original,sentinel2_patch_00035.png,71.64420404927485,0.8730133771896362,0.4,0.8999765515327454,0.6724137931034483,21.31355675412376,0.8494537748515784,,64.12352941176471,98.44051004495,819,1024,127.66550000378629
sentinel2_patches,cems_hls_finetuned,sentinel2_patch_00035.png,71.14636901055262,0.7578980922698975,0.65,0.7619245648384094,0.6091954022988506,22.112741170563663,0.8783608500398952,,63.935483870967744,98.4359233097881,819,1024,129.63950000266777
sentinel2_patches,original,sentinel2_patch_00036.png,74.14768738383697,0.8249461650848389,0.5555555555555556,0.8462059497833252,0.7559055118110236,21.12469909118269,0.881012190951714,,64.246783625731,98.44350184777267,819,1024,132.6790000020992
sentinel2_patches,cems_hls_finetuned,sentinel2_patch_00036.png,80.56240955049911,0.8529040813446045,0.7222222222222222,0.8649632334709167,0.7480314960629921,21.00236915614741,0.8663062105887575,,64.246783625731,98.44350184777267,819,1024,139.134599994577
sentinel2_patches,original,sentinel2_patch_00037.png,81.85257291793823,0.8670313358306885,0.7,0.8808315992355347,0.85546875,20.951096994945438,0.8953133473677296,,64.72349150556532,98.4549659223591,819,1024,136.47529999434482
sentinel2_patches,cems_hls_finetuned,sentinel2_patch_00037.png,93.25496912002565,0.8994980454444885,1.0,0.9047679901123047,0.91796875,21.348436942881946,0.8986172813640718,,64.12246082414393,98.44048405637066,819,1024,129.2468000028748
sentinel2_patches,original,sentinel2_patch_00038.png,62.09916364062917,0.7037025690078735,0.5454545454545454,0.7133556008338928,0.33203125,21.29993758587535,0.9173299892976827,,67.61121049493143,98.52095533761377,819,1024,130.40860000182875
sentinel2_patches,cems_hls_finetuned,sentinel2_patch_00038.png,73.67538863962349,0.7855404019355774,0.7272727272727273,0.7874045372009277,0.46875,21.9836097276901,0.914394473068166,,66.77502944640754,98.50243420588443,819,1024,130.3293000019039
sentinel2_patches,original,sentinel2_patch_00039.png,79.28821382522584,0.9644749164581299,0.52,0.9585858583450317,0.59375,21.607288897056183,0.9267796714228902,,66.90706095353048,98.5053894376043,819,1024,130.08409999747528
sentinel2_patches,cems_hls_finetuned,sentinel2_patch_00039.png,95.60781250000002,1.0,0.92,1.0,0.80078125,19.695744933444153,0.8952474382314002,,66.06972586412395,98.48644748117079,819,1024,128.25479999446543
sentinel2_patches,original,sentinel2_patch_00040.png,80.32962303895216,0.881280243396759,0.7307692307692307,0.8804230690002441,0.5546875,21.47384927412805,0.9084991156519611,,66.41484184914842,98.49431245764109,819,1024,127.86500000220258
sentinel2_patches,cems_hls_finetuned,sentinel2_patch_00040.png,87.06240296363832,0.868368923664093,1.0,0.8605229258537292,0.51171875,21.24763700767729,0.9013678989688427,,65.14677804295943,98.46500467092851,819,1024,132.34519999969052
sentinel2_patches,original,sentinel2_patch_00041.png,79.95232126292062,0.9251864552497864,0.6176470588235294,0.9141319394111633,0.61328125,21.7269077280119,0.8997767512961868,,67.30086313193588,98.5141349553874,819,1024,130.86059999477584
sentinel2_patches,cems_hls_finetuned,sentinel2_patch_00041.png,92.32996323529413,1.0,0.8823529411764706,1.0,0.5859375,20.003766520419546,0.8822529012044183,,65.99879081015719,98.48482072516077,819,1024,129.49289999960456
sentinel2_patches,original,sentinel2_patch_00042.png,70.65738201141359,0.5917047262191772,1.0,0.5994596481323242,0.5,29.221310647885666,0.9270955824521145,,64.06962509563887,98.43919798421285,819,1024,124.1606999974465
sentinel2_patches,cems_hls_finetuned,sentinel2_patch_00042.png,73.76967310905458,0.5602773427963257,1.0,0.5679289698600769,1.0,30.40458254254264,0.9234470478380281,,62.77286356821589,98.40695494333585,819,1024,122.89279999822611
sentinel2_patches,original,sentinel2_patch_00043.png,100.0,1.0,1.0,1.0,1.0,30.988391921492273,0.8659469074568233,,73.7575488454707,98.64420657186548,819,1024,118.32639999920502
sentinel2_patches,cems_hls_finetuned,sentinel2_patch_00043.png,78.59374671271355,0.7098885178565979,0.8888888888888888,0.7447587847709656,0.8636363636363636,32.496346092327514,0.8545782591755076,,70.98376068376068,98.59122707733802,819,1024,118.44389999896521
sentinel2_patches,original,sentinel2_patch_00044.png,100.0,1.0,1.0,1.0,1.0,30.41247997700253,0.880296241569641,,68.34016393442623,98.5367316341829,819,1024,127.40659999690251
sentinel2_patches,cems_hls_finetuned,sentinel2_patch_00044.png,87.04492807388307,0.818159282207489,1.0,0.8409278392791748,0.75,31.90283175661633,0.8749009702894999,,65.7531545741325,98.4791604197901,819,1024,120.49839999963297
sentinel2_patches,original,sentinel2_patch_00045.png,62.732613780688794,0.5943073034286499,0.7777777777777778,0.6017719507217407,0.3591549295774648,29.753986460075623,0.8755835002010359,,63.88529638183218,98.43469459071903,819,1024,123.21389999851817
sentinel2_patches,cems_hls_finetuned,sentinel2_patch_00045.png,66.92308760025132,0.5551377534866333,1.0,0.5668647885322571,0.3380281690140845,31.91590057818979,0.881217265865591,,62.4902108433735,98.39974935833324,819,1024,123.0204000021331
sentinel2_patches,original,sentinel2_patch_00046.png,69.27421617143938,0.717891275882721,0.6666666666666666,0.7149511575698853,0.6259541984732825,29.696164102640573,0.9068089281534123,,63.86862442040186,98.43428599085256,819,1024,125.7781000022078
sentinel2_patches,cems_hls_finetuned,sentinel2_patch_00046.png,68.5142824880343,0.7195276618003845,0.6111111111111112,0.7188470959663391,0.7022900763358778,31.54898183597627,0.9094693544512787,,60.99335793357933,98.36047721607821,819,1024,118.68859999958659
sentinel2_patches,original,sentinel2_patch_00047.png,69.99028054679314,0.6076149344444275,1.0,0.613552451133728,0.34146341463414637,28.871609252773744,0.9630652538363457,,62.382183908045974,98.39697821180155,819,1024,124.80539999523899
sentinel2_patches,cems_hls_finetuned,sentinel2_patch_00047.png,78.13245372074407,0.6609687209129333,1.0,0.670051097869873,0.8292682926829268,28.78263159263858,0.9623516167304705,,60.26092990978487,98.34055000230319,819,1024,124.38100000144914
sentinel2_patches,original,sentinel2_patch_00048.png,85.24118954485114,0.883314311504364,0.7272727272727273,0.9045217633247375,1.0,27.522303930974914,0.9953746859970467,,54.65510062456627,98.17034459991366,819,1024,114.8682999992161
sentinel2_patches,cems_hls_finetuned,sentinel2_patch_00048.png,92.08288073539735,0.8617826700210571,1.0,0.8805786967277527,1.0,25.89179957425097,0.9902865044048599,,56.336194563662374,98.22494222809112,819,1024,112.85819999466185
sentinel2_patches,original,sentinel2_patch_00049.png,100.0,1.0,1.0,1.0,1.0,7.637648022130716,0.47811153018253455,,52.41603317208017,98.09218679956754,819,1024,113.62190000363626
sentinel2_patches,cems_hls_finetuned,sentinel2_patch_00049.png,100.0,1.0,1.0,1.0,1.0,7.453523180206104,0.455082913900602,,54.44795405599426,98.16338369854705,819,1024,110.68549999617971
sentinel2_patches,original,sentinel2_patch_00050.png,90.20190596580507,0.8272077441215515,1.0,0.8556798100471497,1.0,26.69768323422233,0.8968824758660652,,65.47804175665947,98.47277045377079,819,1024,118.00509999739006
sentinel2_patches,cems_hls_finetuned,sentinel2_patch_00050.png,81.19680004558344,0.7443761229515076,1.0,0.7722371816635132,0.5977011494252874,28.49097391893068,0.8940146755447437,,64.0937279774489,98.4397849344138,819,1024,119.28429999534274
sentinel2_patches,original,sentinel2_patch_00051.png,81.72787026161667,0.720357358455658,1.0,0.7293792366981506,0.8325991189427313,28.786538866063054,0.8952776819796191,,66.61487481590575,98.49883377734542,819,1024,116.71260000002803
sentinel2_patches,cems_hls_finetuned,sentinel2_patch_00051.png,65.9064167554158,0.52800053358078,1.0,0.5344739556312561,0.40969162995594716,29.63269434228414,0.8724626265407158,,65.08129496402877,98.46346019919746,819,1024,117.91049999737879
sentinel2_patches,original,sentinel2_patch_00052.png,64.94279820114468,0.5393213629722595,0.9473684210526315,0.5415621995925903,0.4117647058823529,30.750413270903202,0.8781717038525657,,65.32200772200773,98.46912237563836,819,1024,117.54579999978887
sentinel2_patches,cems_hls_finetuned,sentinel2_patch_00052.png,48.292511084064316,0.39030104875564575,0.7894736842105263,0.3936631977558136,0.11229946524064172,31.950968956889852,0.8629809071017704,,62.66074074074074,98.40410440703613,819,1024,118.85829999664566
sentinel2_patches,original,sentinel2_patch_00053.png,57.061859002480155,0.6248622536659241,0.46153846153846156,0.6278576254844666,0.56640625,31.44232783678617,0.9061056256355978,,65.54758190327613,98.4743907083016,819,1024,120.62089999380987
sentinel2_patches,cems_hls_finetuned,sentinel2_patch_00053.png,54.640345848523665,0.534521222114563,0.6538461538461539,0.5357212424278259,0.29296875,32.08802720752823,0.8687597365522848,,62.992503748125934,98.4125095201828,819,1024,120.98459999833722
sentinel2_patches,original,sentinel2_patch_00054.png,43.56613936095403,0.4500869810581207,0.5172413793103449,0.4534428119659424,0.09765625,30.413622066123228,0.9160606696561552,,64.38792452830188,98.44691375389736,819,1024,133.7104000049294
sentinel2_patches,cems_hls_finetuned,sentinel2_patch_00054.png,31.397356843126232,0.3270098865032196,0.3793103448275862,0.33125755190849304,0.03125,31.647186061823863,0.9058601482737756,,63.95352323838081,98.4363644888295,819,1024,125.20300000323914
sentinel2_patches,original,sentinel2_patch_00055.png,61.58455181766202,0.6764576435089111,0.5,0.6857717633247375,0.581081081081081,28.680704200525962,0.9833103778575115,,61.89175977653631,98.38427602703405,819,1024,117.48110000189627
sentinel2_patches,cems_hls_finetuned,sentinel2_patch_00055.png,70.0117862224579,0.7480418682098389,0.5,0.7545055747032166,1.0,28.892479301124382,0.9841151535782681,,61.33494809688581,98.3696081418046,819,1024,121.88810000225203
sentinel2_patches,original,sentinel2_patch_00056.png,65.07169474699559,0.6927719116210938,0.6,0.7052204012870789,0.5256410256410257,28.07863744371315,0.9806307763725784,,60.49057920446616,98.34685001672761,819,1024,118.69879999721888
sentinel2_patches,cems_hls_finetuned,sentinel2_patch_00056.png,89.18261051177979,0.8152356743812561,1.0,0.828659176826477,1.0,28.124882836552455,0.9795143211893116,,59.905321354526606,98.33069921437882,819,1024,120.83759999950416
sentinel2_patches,original,sentinel2_patch_00057.png,96.12077355384828,0.9760938286781311,0.9166666666666666,0.9788510203361511,1.0,26.773910652359362,0.8841917541272301,,64.93949468085107,98.46010504868484,819,1024,121.42270000185817
sentinel2_patches,cems_hls_finetuned,sentinel2_patch_00057.png,82.56033171182393,0.783666729927063,1.0,0.7819474935531616,0.5574712643678161,27.670974818289906,0.8786767843932373,,64.12934996717006,98.44065158852861,819,1024,128.99990000005346
sentinel2_patches,original,sentinel2_patch_00058.png,88.27423691749576,0.8012593388557434,1.0,0.8209587931632996,0.98046875,27.882837881453945,0.9089331198309373,,65.67997198879551,98.47746585493277,819,1024,124.26199999754317
sentinel2_patches,cems_hls_finetuned,sentinel2_patch_00058.png,73.05681824684144,0.6552031636238098,1.0,0.6705595850944519,0.34375,28.364720833655394,0.8854473023702217,,64.59435261707989,98.45187704577198,819,1024,122.24550000246381
sentinel2_patches,original,sentinel2_patch_00059.png,49.80948368334597,0.453931599855423,0.6363636363636364,0.45852530002593994,0.3390804597701149,29.06350041668244,0.9087384834808507,,63.44048521607278,98.42371949616387,819,1024,113.11749999731546
sentinel2_patches,cems_hls_finetuned,sentinel2_patch_00059.png,53.03856153597778,0.3567415773868561,1.0,0.3637322783470154,0.14942528735632185,31.100671210528734,0.9043733622302256,,61.07883211678832,98.36277157675852,819,1024,117.77050000091549
sentinel2_patches,original,sentinel2_patch_00060.png,73.01344084739686,0.7459313273429871,0.6,0.7588093876838684,1.0,29.311099353375823,0.9210281994534494,,65.8895800933126,98.48230934453703,819,1024,119.08369999582646
sentinel2_patches,cems_hls_finetuned,sentinel2_patch_00060.png,67.17171359062196,0.6476266384124756,0.6,0.6633324027061462,1.0,30.17836412479422,0.9235477966020839,,62.71946706143597,98.40559869709917,819,1024,122.68880000192439
sentinel2_patches,original,sentinel2_patch_00061.png,88.54725837707521,0.8032200336456299,1.0,0.8209228515625,1.0,29.111470622066097,0.9206478573611218,,65.37083010085337,98.47026571567592,819,1024,124.05990000115708
sentinel2_patches,cems_hls_finetuned,sentinel2_patch_00061.png,69.16620135307313,0.648869514465332,0.6666666666666666,0.6605710387229919,1.0,30.143494296153005,0.9187700637831402,,62.78912071535022,98.40736740918315,819,1024,128.41320000006817
sentinel2_patches,original,sentinel2_patch_00062.png,32.43229030793714,0.4760498106479645,0.0,0.48241811990737915,0.3741935483870968,29.642073720989348,0.9480337966429548,,63.98830865159782,98.43721451453769,819,1024,119.80819999735104
sentinel2_patches,cems_hls_finetuned,sentinel2_patch_00062.png,31.304514977239805,0.4679189920425415,0.0,0.4745490550994873,0.3096774193548387,30.522169341458376,0.9388936613115165,,62.336370539104024,98.39580009013727,819,1024,127.24369999341434
sentinel2_patches,original,sentinel2_patch_00063.png,66.24387148919145,0.5177156329154968,1.0,0.5247297883033752,0.5040650406504065,29.1134620656633,0.9388786317780088,,64.79646017699115,98.4567058180825,819,1024,136.18439999845577
sentinel2_patches,cems_hls_finetuned,sentinel2_patch_00063.png,57.15676151155456,0.38398540019989014,1.0,0.3906802833080292,0.3983739837398374,30.26700739286401,0.9361356609422862,,62.58119658119658,98.40207593553674,819,1024,124.71070000174223
sentinel2_patches,original,sentinel2_patch_00064.png,92.64177774128163,0.9888710975646973,0.7894736842105263,0.9701361656188965,1.0,27.000293129604025,0.9230320235902925,,60.07801418439716,98.33549757997875,819,1024,138.03809999808436
sentinel2_patches,cems_hls_finetuned,sentinel2_patch_00064.png,91.37208461761477,0.8796366453170776,1.0,0.860112190246582,0.8984375,27.617960790119106,0.914990560136221,,60.00064391500322,98.33335121966924,819,1024,134.532299998682
sentinel2_patches,original,sentinel2_patch_00065.png,80.71428571428572,1.0,0.35714285714285715,1.0,1.0,28.265157604777936,0.9273695479303878,,61.11415220293725,98.36371779047286,819,1024,133.49569999991218
sentinel2_patches,cems_hls_finetuned,sentinel2_patch_00065.png,80.47907897404264,0.8686798810958862,0.7142857142857143,0.8733687400817871,0.68359375,28.42529018314917,0.9143657566825842,,60.30895915678524,98.3418715660466,819,1024,135.89330000104383
sentinel2_patches,original,sentinel2_patch_00066.png,100.0,1.0,1.0,1.0,1.0,28.010908864788288,0.9082871062415036,,63.20511000709723,98.41784944304706,819,1024,120.34429999766871
sentinel2_patches,cems_hls_finetuned,sentinel2_patch_00066.png,96.78953528404236,0.9416100382804871,1.0,0.9562566876411438,1.0,29.320352032495414,0.8957100868284361,,62.848270995059984,98.40886633129716,819,1024,120.62620000506286
sentinel2_patches,original,sentinel2_patch_00067.png,80.34113049507144,0.6680107712745667,1.0,0.6810349822044373,1.0,27.30588873602692,0.9076706625428064,,67.12987012987013,98.51035016444186,819,1024,128.52850000490434
sentinel2_patches,cems_hls_finetuned,sentinel2_patch_00067.png,74.97330069541933,0.5804209113121033,1.0,0.587823212146759,1.0,28.35670952545597,0.9051080730742931,,64.51762114537445,98.45003584718856,819,1024,119.43560000509024
sentinel2_patches,original,sentinel2_patch_00068.png,65.95525724547251,0.6414574980735779,0.5714285714285714,0.6577050089836121,1.0,28.23280681562885,0.9120844542403177,,66.81265012009608,98.50327745089815,819,1024,128.06410000484902
sentinel2_patches,cems_hls_finetuned,sentinel2_patch_00068.png,67.95172606195723,0.534117579460144,0.8571428571428571,0.5436368584632874,1.0,29.12912744390625,0.909696623064759,,63.604420731707314,98.4277822382533,819,1024,126.16360000538407
sentinel2_patches,original,sentinel2_patch_00069.png,20.634781224595994,0.3272811770439148,0.0,0.3372994065284729,0.07975460122699386,29.979127897947727,0.8409141874992465,,65.84157585917855,98.48120281607659,819,1024,114.47190000035334
sentinel2_patches,cems_hls_finetuned,sentinel2_patch_00069.png,16.14106174626965,0.2583784759044647,0.0,0.2688237428665161,0.04294478527607362,30.89921352508593,0.8198900428532119,,63.80909829406986,98.43282537015111,819,1024,118.01470000500558
sentinel2_patches,original,sentinel2_patch_00070.png,58.08263719081879,0.43067798018455505,1.0,0.4314477741718292,0.22265625,30.32022450719863,0.8350102908123999,,67.91341991341992,98.5275369709332,819,1024,114.35289999644738
sentinel2_patches,cems_hls_finetuned,sentinel2_patch_00070.png,42.747775713602714,0.4184098541736603,0.5555555555555556,0.4203607439994812,0.09375,31.3801965465378,0.8148441423336361,,66.02693602693603,98.48546659867414,819,1024,115.44349999894621
sentinel2_patches,original,sentinel2_patch_00071.png,93.88492345809938,0.8852816820144653,1.0,0.9236828088760376,1.0,24.299552750458307,0.8974655962166932,,58.85964912280702,98.301043219076,819,1024,123.52100000134669
sentinel2_patches,cems_hls_finetuned,sentinel2_patch_00071.png,100.0,1.0,1.0,1.0,1.0,24.509711232020162,0.873928486297898,,57.98765432098765,98.27549499680647,819,1024,121.43169999762904
sentinel2_patches,original,sentinel2_patch_00072.png,88.34946513175966,0.8209412097930908,1.0,0.8283252120018005,0.89453125,26.63770148468695,0.9211170536483277,,59.37683089214381,98.31584140653032,819,1024,121.21130000014091
sentinel2_patches,cems_hls_finetuned,sentinel2_patch_00072.png,90.45714378356935,0.8512229323387146,1.0,0.8575206995010376,0.92578125,26.40123503506105,0.8999575154332343,,59.1013916500994,98.30799246501614,819,1024,123.84989999554818
sentinel2_patches,original,sentinel2_patch_00073.png,100.0,1.0,1.0,1.0,1.0,27.481321387521245,0.9020338360627522,,62.111034955448936,98.38998013683513,819,1024,122.04149999888614
sentinel2_patches,cems_hls_finetuned,sentinel2_patch_00073.png,97.82987594604494,0.9644278883934021,1.0,0.9626380205154419,1.0,27.71235614991276,0.8929400680393504,,59.9735274652548,98.33259766056058,819,1024,121.98020000505494
sentinel2_patches,original,sentinel2_patch_00074.png,100.0,1.0,1.0,1.0,1.0,21.70342764643692,0.8464217841444758,,65.75971502590673,98.47931214481991,819,1024,128.12770000164164
sentinel2_patches,cems_hls_finetuned,sentinel2_patch_00074.png,71.57195925712585,0.5061346292495728,1.0,0.5663287043571472,1.0,23.843507333099623,0.8867334092270596,,68.28043039677202,98.53545152807462,819,1024,121.7127000054461
sentinel2_patches,original,sentinel2_patch_00075.png,100.0,1.0,1.0,1.0,1.0,23.467694390463354,0.7930261097290944,,68.29344151453685,98.53573055066036,819,1024,124.67080000351416
sentinel2_patches,cems_hls_finetuned,sentinel2_patch_00075.png,51.59040551031791,0.46204179525375366,0.625,0.5405173301696777,0.3548387096774194,22.99422512735537,0.7761598620338084,,69.46767537826685,98.56048155555116,819,1024,143.79709999775514
sentinel2_patches,original,sentinel2_patch_00076.png,100.0,1.0,1.0,1.0,1.0,24.59644402157182,0.8407636822616252,,64.84213917525773,98.45779301435881,819,1024,141.5190000043367
sentinel2_patches,cems_hls_finetuned,sentinel2_patch_00076.png,67.09926884314594,0.7207244634628296,0.6,0.8223380446434021,0.38235294117647056,23.509792650658735,0.8353974897814347,,66.33816743572841,98.49257216674118,819,1024,148.39930000016466
sentinel2_patches,original,sentinel2_patch_00077.png,89.34533452987672,0.853213369846344,1.0,0.8358399868011475,0.85,19.25127382385799,0.7233665345074888,,62.54273237679351,98.4010932014044,819,1024,145.27490000182297
sentinel2_patches,cems_hls_finetuned,sentinel2_patch_00077.png,53.31196502844493,0.38725847005844116,0.8888888888888888,0.44524797797203064,0.225,18.429963208916863,0.6907632719833535,,64.14331413947536,98.44099106287902,819,1024,198.12589999492047
sentinel2_patches,original,sentinel2_patch_00078.png,97.34375000000003,1.0,1.0,1.0,0.734375,20.797945712877855,0.8064824534868561,,60.73805202661827,98.35358565737052,819,1024,127.20740000077058
sentinel2_patches,cems_hls_finetuned,sentinel2_patch_00078.png,49.386708736419685,0.4939277768135071,0.5,0.5596048831939697,0.34375,20.318244675138075,0.797907008021837,,61.8607516943931,98.38346613545816,819,1024,136.9741000016802
sentinel2_patches,original,sentinel2_patch_00079.png,100.0,1.0,1.0,1.0,1.0,23.24727302867174,0.9225035190516149,,62.91077844311377,98.41044726397045,819,1024,136.2712999980431
sentinel2_patches,cems_hls_finetuned,sentinel2_patch_00079.png,66.61550068855287,0.530770480632782,0.8,0.5692340731620789,1.0,22.919130309279055,0.9272510839684969,,64.02254722730042,98.4380502755542,819,1024,138.34449999558274
